Feature,Importance
IGKC,0.01428355431068075
ALB,0.012861415874078767
CP,0.011099633938209221
ITIH3,0.009593413177337907
JUN,0.00821267744693931
ADH4,0.007892784107147593
ADH1B,0.00723392878950747
APOB,0.0071931642085967815
FABP1,0.00695888141823865
AGT,0.0067708485956191776
APOA2,0.006704715115029316
CRP,0.0065455452257783785
GC,0.006086952373074725
TF,0.006063683435470859
TMSB10,0.006016621833052793
RPL37A,0.005536042220967994
APCS,0.0050744750591589505
CFHR1,0.005036803969228558
FDPS,0.005033515212728446
JCHAIN,0.004766656188665366
RHOB,0.004745185579422963
S100A4,0.004620540138065913
CPS1,0.004616945860195006
ADH6,0.004527310001381659
RPL39L,0.004390846149480597
NBEAL1,0.004358668134929127
DHCR24,0.004355973717030452
ATP5I,0.004249474077290412
TXNIP,0.004219413791173608
RPL14,0.004170893339853741
SERPINC1,0.004140684652131227
BCHE,0.004119833170710481
ERRFI1,0.0038564057819611155
ADI1,0.0038444526260443053
RPL29,0.003823280367888885
CFHR3,0.0034809875222264015
FN1,0.003331404281167194
CYP4A11,0.0032233292707835636
ALDH1L1,0.0032028964461746977
RPL15,0.003186366653455689
RPSA,0.0031847013304196494
C4BPA,0.0031142255725891584
FMO3,0.0030860853328857317
RPL24,0.003033614637252176
RPL9,0.0030117409219209096
AGXT,0.002993869736982692
EPHX1,0.0029344058118516347
RPL31,0.002932465859509721
UGT2B7,0.002926402761438042
PTMA,0.002867028530747095
RPL11,0.0027893020039967205
RPL5,0.0027556762324869324
RPS27,0.0027511162684247404
RPS8,0.0027298751754855984
ZFP36L2,0.002642017314004985
CCNI,0.0026363363825864777
UGT2B10,0.00263180372959399
CFH,0.0026042047891813138
HMGCS2,0.002572391718772374
HSD11B1,0.002564404356084317
RPL22L1,0.002544922122706258
AADAC,0.0025323709454480943
AHSG,0.0025187157179977237
RPS7,0.002511458667835128
CYP8B1,0.0025113638397469776
RPL34,0.0024875721107305367
CXCR4,0.0024719216062827126
KNG1,0.0024668460136028146
ITIH1,0.002439225465849392
PDIA6,0.002401735158577705
COX17,0.0023988843686129258
SH3BGRL3,0.0023893013819690527
PTPRC,0.0023474179377299086
S100A6,0.002271064101784552
FCN3,0.0022610561399777325
SLC2A2,0.0022283754843234415
SSR3,0.002158080138466641
CD48,0.0021535697796337926
SEC62,0.002148630680665506
ADH1C,0.002131975831105146
EEF1B2,0.0021292621225015144
UQCRH,0.0021204980041441453
PABPC4,0.0020841883885521686
RPS27A,0.0020810801451460765
RPL35A,0.002072967484821629
EIF4A2,0.002040679776514164
YBX1,0.0020393334971248603
NUDC,0.0019655693819348088
GYPC,0.0019335660926348194
COX5B,0.0019237936484212568
LAPTM5,0.0019050507345110665
GPX1,0.001903833679994482
HSPE1,0.0018889328266483809
ID2,0.0018849667224963126
ECHDC2,0.0018829934466544805
S100A8,0.0018692748935455927
UGT2B4,0.0018562998178593363
ATP5G3,0.0018561012859244013
RPL22,0.001853669440998237
PLA2G2A,0.0018521214565270195
MZT2B,0.0018495586295157718
C4BPB,0.0018262594009286533
SMIM14,0.0017972119288834233
MYO1B,0.0017970998265940657
LINC00152,0.0017863158218584371
CALM2,0.0017549912668508208
RPL32,0.0017325426795517867
ARPC2,0.0017230513747728987
RP11-347P5.1,0.0016948553484687665
TMA7,0.001658962484586787
H3F3A,0.0016317640758507245
ANGPTL3,0.001569880948038767
STAB1,0.0015558590938492866
PRDX6,0.0015412044121555007
ARL4C,0.0014965507110082732
ATPIF1,0.0014955003139575861
LAPTM4A,0.0014873069403698214
TM4SF4,0.0014651380806914563
FMO5,0.0014393829664300735
WIPF1,0.0014258069069275653
DBI,0.0014185876509354562
ACAA1,0.0014094891713701528
ST6GAL1,0.0014043776128995495
EIF5B,0.0014043123174888933
OST4,0.0013879735037366889
AOX1,0.001386967240770155
SERP1,0.0013790994118031668
HMGN2,0.0013638569316879667
CMC1,0.0013544897547860667
PRDX1,0.0013469365518553598
FCER1G,0.0013130502280086663
ARPC5,0.0012935677836111942
S100A9,0.0012922181568417444
MTRNR2L12,0.0012902097911247606
SCP2,0.0012671169624042255
PLAC8,0.0012588351834622296
CFI,0.001239521169025399
SNHG8,0.0012377942365611235
SSR2,0.0012365217855708115
C1QA,0.001221769155508143
TRA2B,0.0012206597168309401
BTG2,0.0012086718963499076
S100A11,0.001203968303268664
XCL2,0.0012007178320952326
LCK,0.0011968139748832006
GLUL,0.001193636779955447
S100A10,0.0011902819078674401
MFSD2A,0.0011878733645238695
RTN4,0.0011761518303667036
NDUFS5,0.0011711364447004003
NUCKS1,0.0011669257637647928
SERBP1,0.0011643937867039066
SNRPG,0.0011615732347427553
TGFBR2,0.0011605896939979473
GUK1,0.0011588589953481657
UBE2D3,0.0011430767608620407
NCL,0.001125985802979436
CD52,0.0011174631056108369
H2AFZ,0.0011092786792312919
BRK1,0.0011066574516612917
SRSF7,0.0011064103701833923
CD53,0.0010959342042942942
PROC,0.0010874990111815138
RHOA,0.001082847507455154
HNRNPDL,0.0010758588725697845
IL1RAP,0.0010748798310816373
C2orf82,0.0010729904640145828
MANF,0.0010685177555161394
CD2,0.001054652535966829
NR4A2,0.001054019622578689
CDC42,0.0010536708421103873
DNASE1L3,0.0010531898889673012
CD247,0.0010465942146062218
PYHIN1,0.0010397301567482186
CAPZB,0.0010368026530875086
SUCLG2,0.0010299199718863917
KHK,0.0010246720084961288
SELK,0.001018241769404256
FCGR2B,0.0010141931625521267
MZT2A,0.0010000307935527457
NFIA,0.0009963371462006563
NDUFB4,0.000991228283978542
C1QB,0.0009844991703758107
AK4,0.0009805073008001988
SDC1,0.000977723309907448
SELENBP1,0.0009693641051183589
GNLY,0.0009691844143575327
RHOC,0.0009679003011929009
NPL,0.0009630471156187734
CAP1,0.0009601526850154603
SPP2,0.0009578581170825678
TFPI,0.0009555603764694015
ARL6IP5,0.0009482935208204993
MCL1,0.0009415216802997581
ACTR2,0.0009407648233748306
SRRM1,0.000938421827645113
CTSS,0.0009366023987883074
VAMP8,0.0009318408931310335
SFPQ,0.0009317329716271047
MRPS21,0.00092159243848939
YPEL5,0.0009183040850390089
GSTM1,0.0009182581685791757
VAMP5,0.0009156663261617748
CD302,0.0009148885293845556
C4orf3,0.0009014699524101155
SPCS1,0.0008980699306476977
GNG5,0.0008900866063792575
SRSF11,0.0008719002231888352
PCBP1,0.0008690751744386374
HSPD1,0.0008646976077885239
EHHADH,0.0008642748684284735
ITIH4,0.0008617929642633395
CCNL1,0.0008556554393739902
ENO1,0.0008547565760177645
JAK1,0.000840776861395756
HCLS1,0.0008364084982469256
ALDH4A1,0.000836177961053895
PRG4,0.0008359855798370081
HNRNPA3,0.0008240729977676165
HES1,0.000822973937409873
AURKAIP1,0.0008223054221383751
PTP4A2,0.0008216510190013821
XRCC5,0.0008196743894968077
IFI16,0.0008113999553544977
JTB,0.0008062806094964703
LRRFIP1,0.0008036687285948258
TMEM56,0.0008012731573063748
NEU4,0.0008009560793307265
PARK7,0.000800333620231652
CREG1,0.0008001278290195896
MRPL55,0.0007988625938815103
MBNL1,0.000794410193472548
ATP6V0B,0.0007930081196484959
HGD,0.0007917155229187925
CMPK1,0.0007875602002274133
TOMM20,0.0007809285000423168
C8A,0.0007802854934468084
COX7A2L,0.0007783590279925309
ATP5F1,0.0007766102992349353
IGFBP7,0.0007758653251534867
TPM3,0.000775542521841056
NDUFB5,0.0007732765374794592
TMEM59,0.0007728843418653192
TRAF3IP3,0.00077076082300024
MYEOV2,0.000763693111737621
CNBP,0.0007614801420335811
UGDH,0.0007494867239872076
SRP9,0.0007483444196898415
MGST3,0.0007447085362184026
PTPN7,0.0007444849464853229
C1orf43,0.0007335665893605157
CXCL2,0.0007307438511151601
DUSP2,0.0007294533955909202
AAK1,0.000728007549835487
PLPP3,0.000719137141220259
HADHB,0.0007161420714309821
MARCKSL1,0.0007139246795839629
ELOVL6,0.000713868879263073
SNRPE,0.000713766906395313
ACTR3,0.0007123735607013637
IGFBP2,0.0007099065558675972
MRPL33,0.0007097874419551519
TAGLN2,0.0007093163810236002
MINOS1,0.0007090516893455676
AFM,0.0007027590680759881
SLC40A1,0.0007006909459261924
ID3,0.0006973574790702971
ENSA,0.0006871522431535111
DDX18,0.000684629418935275
C1orf56,0.0006812994765055845
RAB7A,0.0006800065515604751
TKT,0.0006766128127503041
RRM2,0.0006763348416020158
TXK,0.0006723973313478421
RP11-403I13.5,0.0006721867329079265
CMTM6,0.0006698971399228418
SF3B1,0.000668349870718455
FOXP1,0.0006616939001195907
HECW2,0.000661294659350125
SUMO1,0.0006566842663798312
SSU72,0.0006548771639597139
CDV3,0.0006548488353371129
KRTCAP2,0.0006533265420914083
CAPZA1,0.0006517745339608442
PRRC2C,0.0006510978618346452
ARF4,0.0006479440979298684
AP2M1,0.0006477864134904075
MARCO,0.0006431263887580872
ARPC4,0.0006429252517911603
OSTC,0.0006398220457017673
CAMK2N1,0.0006331651012145422
SRM,0.0006329109726217751
UGP2,0.0006327682390336539
SEP15,0.0006318129686234661
RSRP1,0.0006309453818806686
SYF2,0.0006304144341143808
LBH,0.0006299418950398241
CSDE1,0.0006287015007460944
NENF,0.0006276005431889536
AC092580.4,0.0006272690284606732
C1orf162,0.0006239404324266456
LSM3,0.0006215422689032886
HSPG2,0.0006206435245809396
MRPL20,0.0006193740553113622
HNRNPU,0.0006156333176602163
ITM2C,0.0006141208493815906
NDUFB3,0.000613875951791817
AREG,0.0006128100968147296
ARF1,0.0006111651358101983
ARL5A,0.0006061308692957069
PPP1CB,0.000603707959927283
MPC2,0.0006030957894807747
GNAI2,0.0006003159395075845
STK17B,0.0006001537114856747
C1QC,0.0005976394999790077
LAMTOR5,0.0005949797594839467
RNPEPL1,0.0005867807596305671
CFLAR,0.0005866918144551689
H1FX,0.00058591977140744
CD160,0.0005858818441123932
CD5L,0.0005849386663542772
SELT,0.0005834012261935819
WASF2,0.0005831563398529992
SF3B6,0.0005820859565132915
DNAJB11,0.0005817104989517366
CD38,0.0005814956755283178
CNN3,0.0005811786413183456
ACADM,0.0005805077671336925
CH17-189H20.1,0.0005798653277680258
ERLEC1,0.0005787324089161964
RBM8A,0.0005780173528259389
HSD17B11,0.0005764224204506777
TM4SF1,0.000576294790159379
LINC00116,0.0005749507073064716
EIF1B,0.000572420451031067
DPM3,0.0005719235948970721
ZEB2,0.0005714750509570942
RAP1A,0.0005713112181300346
NFKBIZ,0.0005700126634619539
UBXN4,0.0005691566045831084
SMIM4,0.0005676059384560635
MASP2,0.0005649635392722083
ADGRL4,0.0005611174298886033
PSMB2,0.0005601326473885131
HSD17B7,0.0005579726208849898
RGS2,0.000555796693475625
HADH,0.0005549437578003822
CTH,0.0005525425432655075
CRYZ,0.0005484468837924972
LAMTOR2,0.0005473730114558613
MRPS18C,0.0005466598456705305
KDR,0.0005462728896613928
PRPF38B,0.0005449909037924809
EFHD2,0.0005422379238221907
UFC1,0.0005415907370891895
HRG,0.0005407759683844638
PSMD14,0.0005368463697045981
PROX1,0.0005358567667107998
HOPX,0.0005351519914467821
NFE2L2,0.000532339902965773
ANKRD28,0.0005318462554142814
RNF181,0.0005313910422619112
SMAP2,0.0005248757375896636
PCNP,0.0005245013082530667
DYNC1I2,0.0005223183210983206
NKTR,0.000521168461099166
SPATS2L,0.0005209965238087539
IER5,0.0005179135406919594
OCIAD2,0.0005177417033697634
FGR,0.0005165820494585905
RBMS1,0.0005161466006093955
ALAS1,0.0005155526300195859
WDR1,0.000514228181612473
PYURF,0.000513899632654865
RNF149,0.0005136278056776209
RER1,0.0005133754997004639
YWHAQ,0.0005131971192706222
IRF2BP2,0.0005112326750945598
HNRNPD,0.0005105601138550076
TMCO1,0.0005090693592176755
TGOLN2,0.0005076797455187249
CSTA,0.0005070185654153915
BZW1,0.0005049867917094673
MST1,0.0005042302211835855
EHD3,0.000504003209492395
APH1A,0.0004992721248284739
FGFBP2,0.0004955982483460463
ATP1A1,0.0004938001626158476
PLEK,0.0004874119390254049
LINC00869,0.0004867285500301516
ARID4B,0.000485176285718425
LINC00969,0.000484408966434165
LYAR,0.0004827792690944715
AKR1A1,0.00048248867561710235
SDHC,0.00048212442978662963
SPON2,0.00048165879106502185
SNX17,0.0004799862929030023
HNMT,0.0004790629556251347
TNFRSF14,0.0004790430018488855
STMN1,0.00047781743051368444
ATRAID,0.0004763717155483752
PPT1,0.00047365015834834317
ADH1A,0.00047175609863634225
DGUOK,0.0004712497608985367
HADHA,0.00047071313157384296
S100A12,0.00047013864133855934
RCSD1,0.00046995037007981793
KHDRBS1,0.0004699178773932144
PPIG,0.000468823450993067
SDHB,0.00046785316605482436
CD47,0.00046673661712667
NID1,0.0004665284549807037
HDLBP,0.0004656530997484342
DUSP23,0.0004645158025396259
TMEM50A,0.00046377615413994793
RNF13,0.0004637548926863711
CLK1,0.0004623210289941542
GYG1,0.0004608964101092329
CYP27A1,0.00046080410391312457
NDUFS2,0.00046017576779564255
OCIAD1,0.0004588602025880236
MMADHC,0.0004585354234657782
PSMB4,0.0004576438710319815
LMO4,0.0004574705302769408
THRAP3,0.00045746724656573964
RGS1,0.00045565359607074423
TSTD1,0.00045484261431497753
SUCLG1,0.00045448752881541973
ATP13A3,0.0004539177330821775
PFDN2,0.00045370165009919717
ATP1B1,0.00045262348714696354
SP100,0.0004518999488349288
RNF187,0.0004513075528054505
SPARCL1,0.000451094929534754
SPTBN1,0.000450360049406319
HDGF,0.0004501044449287901
RAB13,0.0004498817989868533
COX20,0.0004487110832221774
DHX36,0.0004470757459642524
SDPR,0.00044660206909437604
MRFAP1,0.0004463061482479026
XCL1,0.00044318355087069134
RNF7,0.0004430135014718525
RPN1,0.0004429328201566456
CAMTA1,0.000441160826831998
ADIPOR1,0.0004404254009780975
U2SURP,0.0004396303413215117
PNKD,0.00043895221737375706
S100A13,0.00043872606076545204
PDLIM5,0.00043813302429132297
F5,0.00043747191781577633
EIF3I,0.00043560730887180077
RBP7,0.0004355335589248416
HP1BP3,0.0004352403327640571
LARP7,0.00043319351201697077
RAB1A,0.0004331642632396508
CDC42SE1,0.0004319202704467872
ZNF593,0.0004314293632164737
PLXND1,0.00043103958822734794
C4orf48,0.0004305916876715661
NDUFAF3,0.0004305713838301941
G0S2,0.00043009289590213175
POLR3GL,0.0004263241444238672
RUNX3,0.00042587585257847097
FAM162A,0.0004253381768470462
HAX1,0.0004227038063171442
ABHD14B,0.0004226755640379164
CFHR4,0.00042229548927900115
DENND2D,0.00042187016208195086
PAK2,0.00042145893334970963
MRPL37,0.0004208022181166369
ZC3H15,0.0004196269412178773
QARS,0.0004185970717292938
UQCRC1,0.000417919463812631
G3BP2,0.0004178953192161999
MOB1A,0.00041701799701058466
ALDH9A1,0.0004167242766546634
GOLGA4,0.0004161663488071689
CHCHD5,0.0004151900348509523
DNAJC8,0.000413917872931451
CTNNB1,0.0004125818387401398
PNRC2,0.00041221044024602186
INPP5D,0.0004098988875995363
FCGR3A,0.00040962425754720517
MTTP,0.0004096088968566581
YTHDC1,0.00040798800530914
SRP72,0.00040793608775848827
CDA,0.00040711768716282683
AGTRAP,0.00040650069154225755
ISG15,0.00040636112913643884
CCT4,0.0004058103361128069
TM4SF18,0.0004057196191189891
MRPS15,0.0004041744253412178
GNB1,0.0004041136834902643
SCARB2,0.000403418463100056
QDPR,0.0004015892659194555
MXD4,0.00040096727839346975
CHMP3,0.0004008577946887582
PARP1,0.00040013184221518086
RASSF5,0.0003974734230945343
TMED5,0.0003943412789861845
MNDA,0.00039427783527166987
RBPJ,0.0003939760951538262
NUDT16,0.00039384273254881326
TGFBR3,0.0003937117604781028
SH3BP5,0.00039364002069541083
MFSD1,0.00039274836722232525
PTRHD1,0.00039264596975988796
AUP1,0.00039243131007740147
PPP1R2,0.0003923995486604924
NECAP2,0.0003904192615341814
CCDC12,0.00038558620403503983
YIPF4,0.00038385711152203356
MYLK,0.00038324678693388336
SARS,0.0003830302000881452
LPIN1,0.0003827381676819276
CRTAP,0.00038163525694720897
PLCXD2,0.00038093628025359145
LRPAP1,0.00038054260977664627
CD46,0.0003802640471528274
CD8B,0.000380235808441683
C1orf122,0.0003790714082711591
IDH1,0.00037884302481099876
CPN2,0.0003786710259219922
SDC3,0.00037822840782050847
MDM4,0.0003781011820211792
SRSF10,0.00037773330188312033
CLDN1,0.0003776305740843633
MDH1,0.0003775612961136827
ATP1B3,0.0003769644679922535
BIN1,0.00037571925242988103
DIO1,0.0003747941730380462
BOLA3,0.00037463104607679564
SLC5A6,0.0003742478117559083
MRPS5,0.00037391805847073487
CCDC66,0.0003730553300563864
SH3GLB1,0.0003729273080326738
FCMR,0.0003724527709611342
ADAR,0.0003720229588515233
MIR4435-2HG,0.00037189322111031694
PSMA5,0.0003718584082738351
SDF4,0.0003695564608378509
NAA50,0.00036804786317673396
MEAF6,0.00036719645750461706
RBBP4,0.0003655227380748003
CD8A,0.00036548939612982245
ETNK2,0.00036546283984823224
DRAM2,0.0003649375637610221
PPARGC1A,0.00036440064509912524
NR0B2,0.00036333298369896794
TNFSF10,0.0003631598003061854
ITGB1BP1,0.0003627118954299655
DHRS3,0.00036083264769292106
SRPRB,0.00036017970201971116
DARS,0.0003595291775003088
SLC27A3,0.00035951618891449954
UGT1A1,0.00035811002356979116
CIR1,0.00035788707994635757
POLE4,0.00035732438898613867
CHI3L1,0.00035724863688759746
CCDC50,0.00035714615614617403
IAH1,0.0003563421759582399
GNL3,0.0003559819677755281
BTF3L4,0.00035594483634868857
ARHGAP30,0.0003555484318081747
IFI6,0.000355243486438886
LMNA,0.00035522688991626654
THOC7,0.0003541304649317561
TMEM165,0.00035401630453209184
DCK,0.000353733584797548
UBE2E3,0.0003531866681769474
SEPT2,0.0003528225499227621
TFRC,0.00035266266094805134
EIF2A,0.0003524769796298977
FAAP20,0.000351923195016641
PGD,0.0003514009498718553
PSMD4,0.0003510076086700524
DDOST,0.00035080835727637665
ACP1,0.00034968525189984974
RND3,0.0003495208399831018
TPRKB,0.0003492538402698245
CCT3,0.0003490016740384161
TUBA4A,0.0003465891944155665
FAM46C,0.0003464414888803459
RBP1,0.00034613147450912184
ANKRD44,0.00034508980002644155
TOR1AIP2,0.00034460031373724655
ARID5A,0.0003441347936659394
BHLHE40,0.00034396675911486116
KLF3,0.00034342557022657474
EPAS1,0.00034300322316615844
EIF4E,0.0003427729085632797
DPY30,0.0003420099070615351
CGGBP1,0.0003412520523708857
PGM1,0.00034091552251358715
CYTIP,0.0003404649880054813
S100A16,0.0003401061971659184
MAT2A,0.0003394821322286773
LEPROT,0.0003392320462853977
FXR1,0.0003390999290269142
SLCO2A1,0.00033789828827231276
PMF1,0.0003369651592369297
MACF1,0.0003358905568683772
ORMDL1,0.0003355149153938183
PBXIP1,0.0003352859571165268
SEC13,0.00033522239501864554
RNF115,0.0003349078712957919
LBR,0.0003341040750535464
SHISA5,0.00033383066693423063
SEL1L3,0.00033381202266144624
HNRNPR,0.0003333635514687875
REL,0.0003331398718197589
ADD1,0.0003329742392986855
NR1I3,0.0003327315955299847
TIMM17A,0.000332351698701408
GCA,0.0003323087516311176
SIAH2,0.00033219105807826644
PRKACB,0.0003320964922189238
DNAJC19,0.0003319203341326162
HIGD1A,0.0003304014798904153
PTPN4,0.0003290294026874166
LDB2,0.00032853650909091877
NABP1,0.000327794874106682
CCT7,0.00032726059368571106
LIMS1,0.00032635209364131163
TWF2,0.00032587700197147184
PPM1G,0.00032582658501351114
DAP3,0.0003254483056595428
CTBP1,0.0003250854852315675
PMVK,0.00032305075876588505
GBP2,0.00032258617880004885
GCLM,0.00032224772443965877
UROD,0.000322070110958926
LEPR,0.0003213217201853844
NDUFA10,0.00032124254627941397
ANP32E,0.00031972077670050053
SSB,0.00031857256103611425
RBM47,0.00031793703996158587
TNFRSF1B,0.00031688633256448604
CD96,0.0003168343756231997
EDEM1,0.0003165781036569581
PROS1,0.00031615818998944023
GCC2,0.00031569524534578807
EMC3,0.0003154495165298161
CD84,0.0003153588733842682
HAO2,0.0003150447626804978
LYST,0.00031476984159309394
TM2D1,0.000314626299412742
FBXL5,0.0003128874138447926
CKS1B,0.00031262461554449304
H6PD,0.0003116764421208852
CHMP2B,0.0003112084303548455
VCAM1,0.00031104601331054184
GOLT1A,0.0003109985710062088
BBX,0.0003108001938719553
CLDND1,0.00031063562980929415
RPA2,0.00031057219178691676
ADH5,0.00031021843662088963
RP11-65I12.1,0.0003098884058006296
AFP,0.0003097475324533858
DR1,0.0003096401163513298
MFSD10,0.0003092343542625034
ARHGAP15,0.0003091831518952849
COBLL1,0.00030771077780259245
PTPRF,0.0003068910238713489
TPR,0.0003065852929492114
MAGOH,0.000306030832314787
MMRN1,0.0003058729566430894
STT3B,0.0003058653061456352
RAB10,0.0003057286408658405
FAM134A,0.0003049834030956314
PDCD6IP,0.000304868016346767
CTDSP1,0.0003048385569312468
YTHDF2,0.00030345295647343855
MTF2,0.00030337448831335446
C8B,0.00030335631400163753
IMP4,0.00030320263861911156
ASH1L,0.0003028754060040283
SNRNP27,0.0003021474669169309
MAN1A2,0.0003017082713349077
CMTM7,0.0003007672367185077
SS18L2,0.0003007222779530361
STK16,0.00029991198088301477
CISD2,0.00029970211147095307
TMEM183A,0.0002996222991837747
STRADB,0.0002995834573878584
SRSF4,0.00029919444804167307
UAP1,0.00029913350811673975
PPP1R7,0.00029903963334507904
ITSN2,0.0002989608950696667
HPCAL1,0.00029851743706104256
PPP3CA,0.00029848507626243574
RAB4A,0.0002976103292764197
ZBTB38,0.0002973752334572161
CNIH4,0.0002973344807641758
PTPN18,0.0002965383397823947
TRAT1,0.00029578831093671144
CRBN,0.0002949189386057096
HSD17B13,0.00029488417440500555
SNRNP200,0.00029487525497186995
TEX264,0.0002940513796862142
SETD5,0.0002939792715234512
GOLIM4,0.0002925595474164214
COPA,0.00029177061422484954
FRMD4B,0.00029151887899961
RBM6,0.00029131146711003147
XPO1,0.0002902777096288794
LGALS8,0.00029027004476343663
PPIL3,0.0002902012544345191
C1D,0.0002900488095616679
ODF2L,0.00029000829120577083
PRPF40A,0.0002899107752849701
GMPPB,0.00028917638060982457
UBE2K,0.00028880109315902085
PINK1,0.0002884042807441154
NIT2,0.00028819399124141833
SEC61A1,0.00028784131518432726
FEZ2,0.00028736044742495636
CEBPZ,0.00028679270687693287
STARD7,0.0002857387223048295
LSM10,0.00028564148775431724
ABTB1,0.0002855201515954754
OLA1,0.00028546573629741593
NASP,0.00028542088337800534
GPBP1L1,0.0002851908533894772
TANK,0.0002851839414171728
AIMP1,0.00028492215292261257
CCR1,0.000284117257162736
BROX,0.0002834573769748473
APOA1BP,0.00028324295225496494
ZBTB8OS,0.0002827248632033226
CD55,0.0002823906692025507
EML4,0.0002803589257006138
PITHD1,0.0002789063133393089
ZRANB2,0.00027884280798133506
TMIGD3,0.00027726610983742786
SMC4,0.00027701633629864414
PID1,0.00027664087992795394
UHMK1,0.0002766330249233015
NADK,0.00027585056346508704
CXCL13,0.0002751491343897072
SATB1,0.00027399226386787197
MKNK1,0.00027390351347051213
AGL,0.0002735669145676165
PAICS,0.0002732731009742856
ARHGAP29,0.00027282780698955803
CXCR6,0.0002718708630293066
PLEKHB2,0.0002716587337437341
SEC31A,0.0002716209107868904
WWTR1,0.0002715997167590068
FUBP1,0.00027129914074570526
PSMD2,0.0002710780732010594
RAP2B,0.0002710501619431608
GNAI3,0.0002709034586965001
ARAP2,0.0002705757947123543
PDHB,0.0002705213573151128
DPYD,0.00027042963495692486
TIGIT,0.00026972616040047743
CHTOP,0.0002697065918762533
HDAC1,0.00026944976175757586
SMIM12,0.0002692378738584754
BIRC6,0.0002690448688616996
THEMIS2,0.00026897878714902257
MFF,0.0002685422012124156
EIF4E2,0.0002685248924877958
NRDC,0.0002681818651491259
RFC1,0.0002681256905964407
APPL1,0.0002678794252303418
USP34,0.00026765903091250997
CAPN2,0.00026762285840439457
PUM2,0.0002664779496359796
NAAA,0.0002661499841645472
TBL1XR1,0.0002658998461075447
DDX1,0.00026550641887524795
SLC38A3,0.0002651008668798275
TCEA3,0.00026503316375386585
CSRNP1,0.00026474087811344374
MGAT4A,0.00026471593188791276
PDCD10,0.00026362437127898727
C2orf74,0.00026353068879978164
NFU1,0.00026299110305817133
HMGCL,0.0002624703580322316
FUCA1,0.00026234122896702793
ATG3,0.0002620590039049822
MED28,0.0002619354118020321
EFCAB14,0.0002615864085565897
LPP,0.0002611329015938397
TADA3,0.0002605532160835533
NCK1,0.00026011034614769804
SEC22B,0.00026003491004790604
AHCYL1,0.0002597858708852803
CTBS,0.0002594675692968122
TRAPPC3,0.0002591762456994812
NCBP2-AS2,0.00025801367789653467
TMEM156,0.0002575804486342824
GGCX,0.0002565426508503007
KPNA6,0.00025623228519286857
CYP20A1,0.0002561808931707036
RANBP2,0.0002559803510877431
ANAPC13,0.00025494339797767137
RABGAP1L,0.0002548805967345095
CERS2,0.0002548195561004819
ILF2,0.0002544349994985042
SYTL1,0.000254229676318283
MIER1,0.0002542258602908369
CACYBP,0.00025383123608266344
RP11-386I14.4,0.00025382792651851933
IMMT,0.00025366959701656416
JAGN1,0.00025342950363027225
CRIM1,0.0002529149493131782
MCFD2,0.00025279725254985145
RSBN1,0.00025163660281107754
CNOT6L,0.0002507468513785046
AZI2,0.0002500898296959562
CCNL2,0.00024998770720177605
FAM136A,0.0002497816301300996
NPR1,0.0002496111760130483
WDR26,0.0002495292415230817
PPP4R2,0.00024933040813527425
ARIH2,0.000249179592684243
FAM200B,0.0002486095387137261
TSNAX,0.00024808519980349135
ANXA4,0.00024764789425226976
RHOH,0.00024714854651983523
CXCL8,0.0002470866214107372
AKIRIN1,0.00024695908876947077
ARID1A,0.00024695865698113104
PPA2,0.00024645280738151855
UBE2F,0.0002463094181572192
FGD5-AS1,0.0002461008731509897
GOLGB1,0.0002457002174942863
EIF4G1,0.00024472178831272417
GRSF1,0.00024443188261019996
WDR33,0.0002443448531848744
WDR82,0.0002443228199235201
PPIE,0.00024401011169962756
DNPEP,0.00024384896949052623
NOP58,0.00024369746059487444
FOSL2,0.00024335312477972765
BAZ2B,0.0002418816507661946
IMPDH2,0.00024186676346876914
ZCCHC11,0.00024143877589794508
AK2,0.00024015814052484363
USP1,0.00024002071985384902
CDC42EP3,0.00023958617387245346
GLS,0.00023956501557774668
DEGS1,0.00023922648996549438
RNF4,0.0002390072849386842
CALCRL,0.0002389664861692112
PLSCR1,0.00023882932402235132
ZAP70,0.00023852278088422552
RGL1,0.00023806487518920926
MRPL1,0.00023797972901195712
NCBP2,0.00023760244358812362
NAGK,0.00023749547546765388
TARDBP,0.0002374428943990612
RASGEF1B,0.0002373382875987819
BCAS2,0.00023715195745714477
RSRC1,0.00023693685900892517
CCDC88A,0.00023691409397192653
GPR171,0.00023671899029908426
TLK1,0.00023671319616725605
MRPS14,0.00023665529071572502
FLNB,0.00023629509972804285
CCDC109B,0.00023618008413549212
ZFAND2B,0.0002360551291560889
PSMD6,0.00023568299026161817
SNRNP40,0.00023485622185816585
RBMS3,0.0002337350650705416
MAP3K13,0.0002335224670028792
TIPRL,0.00023347215798858294
DNAJB14,0.00023338443621457382
EPS15,0.00023296989122302563
TXNDC12,0.0002327952046933858
MRPL47,0.00023262370470666571
STAT4,0.00023242031667243028
MIB2,0.00023220810063866737
ZNF281,0.00023220530561297918
THUMPD3-AS1,0.00023212427332277883
TMEM37,0.00023203383142037456
MAPKAPK3,0.000231932000744254
SLC25A26,0.00023173753926302918
NRBP1,0.00023171772266050662
TRIM33,0.0002316161407978995
IVNS1ABP,0.00023150602909684345
ADAM17,0.00023140033185207424
ARHGAP25,0.00023060032214319392
PPP4R3B,0.0002305314817276273
SLBP,0.0002305264079102277
RAB5A,0.00023029747947609215
BOD1L1,0.00023009226924378243
TUSC2,0.00022976591329221634
RBM5,0.00022955123137342371
KCNAB2,0.00022937050321607637
LIMCH1,0.0002293699640627537
MOB4,0.00022932652013815742
FO538757.2,0.00022916103145175358
SOAT1,0.00022913640674483585
CEP350,0.00022886934727568906
UBE2J2,0.0002275180533767785
PRKAR2A,0.00022735678531757004
FNDC3B,0.00022706839148733618
LAP3,0.00022704673860252534
PPCS,0.00022704654413555704
ITGA4,0.0002266624103006109
PCSK9,0.00022649672753995194
ZC3H11A,0.0002263717914779479
ODC1,0.0002261181054198799
ACAP2,0.00022570107703874986
CSRP1,0.00022422163331803471
AKR7A2,0.00022406580258919635
TOR1AIP1,0.00022352059801838218
PLSCR4,0.00022322801639557035
MRPL24,0.00022318181457133484
RAP1GDS1,0.00022284553753721095
CYP4A22,0.00022282145922086126
PSME4,0.00022257956995047019
MTX1,0.00022251921682520887
PCYOX1,0.0002224460335022195
MRPL3,0.00022234561703379232
MARCH7,0.00022182234774525706
PQLC3,0.00022065906736703312
PRPF38A,0.0002205504482485714
CUL3,0.00022051135822097695
MAP4K4,0.00022041343810106652
RTCA,0.00022024202612444058
GSTM3,0.00022005799456722684
TOP2B,0.00022000632163671305
PSMD1,0.0002198203459919432
STIM2,0.00021954720462141912
GRPEL1,0.00021948282683992718
EBNA1BP2,0.0002192212216841268
PPM1B,0.00021917207576181892
STK25,0.0002188309685886253
FAM49A,0.00021839161212763
EPB41,0.00021804593400392988
COMMD8,0.0002180180017027142
GBP4,0.00021784306719144618
STAT1,0.00021740951129837433
EOMES,0.00021733911647133812
TRIP12,0.00021726750122390447
PALMD,0.00021686218872438444
RNF11,0.00021617920310714755
INSIG2,0.00021609853371559458
TTC14,0.000216095408558051
ATP6V1A,0.00021566222317209545
CDK11B,0.00021477004964803216
GJA4,0.00021463998511435253
KLHL24,0.0002144315579703766
UQCRHL,0.00021443016635277207
SLC35F6,0.00021441152696695834
HYAL2,0.00021372946940359148
SMIM20,0.0002126773938886826
ZBTB20,0.00021257582825608238
PPM1K,0.00021219046014442507
RP11-108M9.4,0.00021215577064957606
TMEM45A,0.00021184958446541672
RMND5A,0.00021134955873547783
AC074117.10,0.0002107810661744418
CAB39,0.0002107181302646271
HSPB11,0.00020948854881503646
IL1R1,0.00020926542967007538
DHX15,0.00020907932676983204
ACBD3,0.0002089282657612247
SVBP,0.00020864580430777262
IL1R2,0.00020857159891371133
TMEM53,0.0002084218594088496
TBC1D1,0.00020832284479366668
TAF12,0.0002078724985823368
RABGGTB,0.00020778604163732134
PBRM1,0.00020725775630409278
POLR2H,0.00020710849719806208
PELI1,0.0002070477165353519
UBE2E1,0.00020700213929915665
OSBPL9,0.0002068134505060727
NMI,0.0002065956691113306
ST3GAL5,0.0002065824245772608
PRADC1,0.00020655521438622
RAB29,0.00020653021117698664
MRFAP1L1,0.0002064875894596626
LIMS2,0.00020631977829119896
RCHY1,0.0002061796998035279
COMMD2,0.0002060646675288639
MTERF4,0.0002057818391073415
EFNA1,0.00020568042110729402
PUM1,0.00020492561127280435
SLC39A1,0.00020474290055367932
UROC1,0.00020470868717006234
ATXN7,0.00020421304677069186
CFHR5,0.00020409884174360269
CMSS1,0.00020403850487097204
GORASP2,0.00020380312477485802
MTHFD2L,0.00020365350683121926
IARS2,0.00020353426042352216
C1orf21,0.0002032353502471588
ARHGEF3,0.00020295690179848936
FYTTD1,0.00020282406340749545
SCCPDH,0.0002025613990694926
HIPK1,0.0002025144628380785
GALNT2,0.00020213455609882958
KPNA4,0.00020205523951694025
TXNDC9,0.00020170685324065192
FSTL1,0.00020167005553989193
NRP2,0.00020135498308358933
USP4,0.0002012937942023641
ASNSD1,0.00020124686776404408
RPF1,0.00020081717115267756
VAMP3,0.00020031171570450792
CSF3R,0.0002002887189620679
GFPT1,0.00019998284595598297
GLB1,0.00019983463260483567
ZCCHC17,0.00019975155273920227
ZNF721,0.0001995640234451311
NCOA1,0.00019901869395321737
RC3H1,0.00019854360579767176
MERTK,0.0001978202848178869
PPM1M,0.0001977462661101852
ZNF148,0.0001972377178837027
MBD4,0.00019723633158832705
PHC2,0.00019698757183263523
GLMP,0.000196970361925033
FAM167B,0.000196689330441961
COPG1,0.00019664399094527279
HIBCH,0.00019656879267187946
RHOQ,0.00019656666262040645
FAM107A,0.00019599517060842495
METTL5,0.0001957422980567955
SSBP3,0.00019521505660387783
STXBP3,0.00019499467044026416
FRYL,0.0001947480420620509
PARL,0.00019462196575741574
NEK7,0.00019414729202249975
KLF7,0.00019409879217841995
RALB,0.0001940075348146935
CD86,0.00019371773664259357
APEH,0.00019354040482660067
RPIA,0.00019337970842498386
IGKV1-12,0.00019336341024331737
CAPG,0.00019331311117311116
ZNF638,0.00019320247192148316
RAF1,0.00019300574877508675
SNRK,0.0001929825469580105
PPIH,0.00019214175420507668
WDR43,0.00019209208478591843
PYCR2,0.0001919930270328316
TFG,0.00019161091389453645
AGFG1,0.00019120435757502948
RASA2,0.00019112756775311484
PLEKHO1,0.00019039771280410602
EIF2D,0.00019025461711467598
TMEM33,0.00019023898546412633
RPS6KA1,0.0001901521358363099
SKIL,0.00019009309928982613
SEPT11,0.0001899321455412663
CRIPT,0.00018980643472442447
SDCCAG8,0.0001895659041852996
BSDC1,0.00018936843176668732
ECE1,0.00018925807588487944
CBLB,0.00018916404031003983
AFF1,0.0001890232115460796
RNPEP,0.0001889374753072637
MTHFD2,0.00018882342876887614
COA6,0.0001887489127174785
CCDC115,0.00018849805592112328
TSN,0.00018848084873696844
GADD45A,0.00018845185299868532
CYB5R1,0.00018764241978896256
HEG1,0.0001875797268750223
UBA5,0.00018757438903437145
TINAGL1,0.00018693658711049739
MRPL19,0.0001864233560930177
ITGB5,0.0001861050441547678
IFRD2,0.00018604208547326852
HYI,0.000185790235415397
MRPS25,0.00018570625476052913
HENMT1,0.00018542244347593797
ANKRD17,0.00018529285210571746
SLC30A7,0.00018520462524576509
IQSEC1,0.00018494355071174148
SNAPIN,0.000184724713083608
ADSS,0.0001844688070498227
COQ10B,0.0001842829244551321
CLIC4,0.0001836447593410557
ADAM15,0.0001833569160716679
SSFA2,0.0001830660563076798
SH3BP2,0.00018286748940645712
SLC20A1,0.00018258997856886132
NISCH,0.00018237143005411186
RIT1,0.00018234019524781663
TRNAU1AP,0.00018218253828469755
ATF6,0.00018203170278844466
USO1,0.00018185776346645185
TFDP2,0.0001815976829234192
AC013461.1,0.00018135003520558984
COMMD1,0.00018105444488997153
MGLL,0.00018082831124920017
CH17-373J23.1,0.0001808184002241625
CCDC174,0.00018070624151574988
LAMB2,0.00018057060529451965
LYPLAL1,0.0001805058835820245
LRRC58,0.00018034531904436707
ARNT,0.00017997354924678392
CNPPD1,0.000179872689994898
SZRD1,0.00017963976190226317
POGZ,0.00017939417968868338
MAP7D1,0.0001791918471714061
SCAMP3,0.00017917060718975535
LY9,0.00017911900590671695
SNX27,0.0001790855302242458
SELL,0.0001790711382157904
ADGRA3,0.0001784346432324884
PTPN22,0.00017828988764463663
CHIC2,0.00017782207022406534
ZYG11B,0.00017769320319319278
KLB,0.00017673632468164687
AAMP,0.00017658386225168229
IFI44,0.00017640122809033752
KIAA2013,0.00017629105266499324
RERE,0.00017627867787301524
RCC2,0.0001759686382824255
S1PR1,0.0001759207051438035
MAP4,0.00017586919590919899
ELK4,0.00017556030552753278
POLR2B,0.00017553295617547042
UBE2Q1,0.00017537260040366944
GBP1,0.00017535335785486835
DTYMK,0.00017532126040036982
TOR3A,0.00017525950517383284
MAP3K2,0.0001748303968741481
GLYCTK,0.00017464558693976686
PRDM2,0.0001745099220954858
SNCA,0.00017435174823880926
TROVE2,0.00017434778396337665
UNC50,0.00017433428051214463
IL6R,0.00017419385817504094
MTMR14,0.0001741506871121145
NRAS,0.00017410769661797506
KIDINS220,0.0001739385804557577
CENPC,0.0001739076515900535
PDS5A,0.00017385690970863645
BMPR2,0.00017374473689864622
DNAJC10,0.00017331712091786067
ATG4B,0.00017318810126672863
FBXO11,0.00017317324822643205
DTX3L,0.00017316640798617885
RPRD2,0.00017290040473340285
RNF168,0.00017216512394762357
ARL8A,0.00017212859970722964
PDK1,0.00017210305731305033
KIAA0319L,0.00017203049808455807
SH2D2A,0.00017191094130232103
ENOPH1,0.00017163491658998256
GAK,0.0001709795736436625
GCKR,0.00017081729867224538
HFE2,0.0001707327096169702
DLG1,0.00017071222322906178
SCNM1,0.0001702791845432778
USP53,0.00017019876506436688
ACOX2,0.000170113202040225
C2orf68,0.00016986617403398543
DCUN1D1,0.0001698540964341059
LINC00467,0.00016982160580158054
PPP2R5A,0.00016971346455821448
KPNA1,0.00016969685228031053
AIDA,0.00016929215646961255
RASSF1,0.00016911079720144842
OXNAD1,0.00016904401823865454
ACSL3,0.00016880312788536276
DCAF8,0.0001686885923986425
VGLL4,0.00016867809550255236
MPHOSPH10,0.00016859336419034233
TSC22D2,0.00016857918981953536
ITGB3BP,0.00016849614550940273
RFX5,0.0001683187194115202
ZC3H6,0.00016823006995484254
ACYP2,0.00016783051469945357
CREB1,0.00016750838167248357
ALG3,0.00016707161392731158
BOK,0.00016673928749247842
ACTR1B,0.0001666914902378479
BLOC1S4,0.0001665562297901051
ALCAM,0.00016654992816768406
MIA3,0.0001664472794592483
C1orf52,0.00016633343868466377
TMEM128,0.0001661510965526937
ZDHHC3,0.00016611579728749516
NUP210,0.00016591008026197945
UBA3,0.0001656608841900532
MAN1C1,0.0001656518203156396
KIAA1143,0.00016562044160943384
CFHR2,0.00016550800326225326
ROCK2,0.00016548199727463878
ILKAP,0.0001653662067694277
LPGAT1,0.00016511775470870222
SP3,0.00016490675752427482
CHST2,0.00016484450013458632
EMCN,0.0001647784414616693
PHACTR4,0.00016471180840730236
TRAF5,0.00016456907605181373
FCRL6,0.0001644599109830959
PLK3,0.00016423120935272787
RAB17,0.00016372571599531166
NOSTRIN,0.000163688202921929
MAD2L2,0.0001636336036206239
ISY1,0.00016342897449632586
SELP,0.00016337649688752222
GNG12,0.000163346765401895
CEBPZOS,0.00016294634878385685
TMEM167B,0.0001629130041111268
SFT2D2,0.0001628858860639015
C1orf123,0.00016283819895645255
COPB2,0.0001625328320319075
SEC24D,0.00016225200477823832
SLC35E2B,0.0001621239212878083
MXD1,0.00016207636561480374
FCGR2A,0.00016199169282550733
EIF2B4,0.0001618242223927082
NFKB1,0.00016173238506492845
SNX4,0.0001616745423497512
CASP8,0.0001615087018806577
AGO4,0.00016119696273446258
PARP14,0.00016107156169190847
XRN1,0.00016105558931923125
DPH3,0.00016104691593887
CRELD1,0.00016102783499602488
QSOX1,0.00016092608983105875
DHX30,0.00016081203815596697
UTP11L,0.00016057521099471328
NSL1,0.00016022571649019563
FGGY,0.0001601417549989763
C1orf174,0.0001598851431631875
CPSF3L,0.00015984123362451272
MITD1,0.00015976769175212336
PLEKHM2,0.0001596535268432376
DHX9,0.00015961734470005168
UGGT1,0.00015951631128152867
SLC33A1,0.00015936211450538626
SETD2,0.00015934907987965474
GSTM4,0.0001589882657246893
BCL2L11,0.00015858551678919465
PRCC,0.00015847949638973782
EIF4G3,0.00015787098146603673
ST3GAL6,0.00015760634942654363
CLASP2,0.0001573906255937962
EIF2B5,0.00015735682530959482
FAM43A,0.00015726180527450486
LRRFIP2,0.00015705257817984938
THAP9-AS1,0.0001570442751758195
EPRS,0.00015688259650183995
RP11-488L18.10,0.00015670709374810638
RP11-763B22.4,0.00015636722863949956
EPM2AIP1,0.00015621886914767412
TMEM18,0.00015621436605260864
GNL2,0.00015613559653409586
ATPAF1,0.00015612704873548886
KCMF1,0.0001560626090894293
UBE2T,0.00015605992527766656
RASGRP3,0.00015604840008145025
SDAD1,0.00015601113658015052
PAPSS1,0.00015563789168543664
AKR7A3,0.00015554281989441277
CYP26B1,0.00015519665168341044
TIE1,0.00015483361416209713
USP48,0.00015483233178309108
NIFK,0.00015482185285249598
EAF2,0.00015469182755451636
STEAP3,0.00015461487769928597
ORC4,0.0001543911389107867
SHE,0.00015434744595396025
SPP1,0.00015420548421655797
ARHGEF2,0.00015416270074319365
UBA6,0.00015409524150193134
NCF2,0.0001540536408299607
UGT2B17,0.00015394109103097494
ACBD6,0.0001539097724129763
TMF1,0.00015389592242276637
HAT1,0.00015387662212789263
RYBP,0.00015377792320047602
SRGAP2B,0.000153775821128985
DENND4B,0.00015368374057238082
PKN2,0.0001536608962548013
DCP1A,0.00015349190714621035
MRPL44,0.00015310811676467448
XPC,0.00015307938156046777
UGT2B15,0.00015301035817643163
CCDC14,0.00015288940081057282
CEPT1,0.00015281875535154437
ASXL2,0.00015264841051870211
CLASP1,0.00015258528786828794
AHSA2,0.0001524919910403554
NCK2,0.00015246043723058888
GALM,0.00015244649066632225
SEPN1,0.00015229015677976223
C1orf54,0.00015216236960640083
SLC25A36,0.0001521067769021312
LIX1L,0.000152062310023114
COPS8,0.0001516747577339744
ARMC8,0.00015163460064457855
RP11-393N21.2,0.00015158588981210592
FAM13A,0.00015156587921727726
EDEM3,0.0001514586475059735
POU2F1,0.00015126843750086925
RDH14,0.00015123882975620633
CTNNBIP1,0.00015121533546472683
AGO3,0.00015111408452264877
SP140L,0.00015092592869173766
MPV17,0.00015083670229276518
NGLY1,0.00015077694735817407
RP5-1180E21.5,0.0001507234310319112
STX12,0.00015065942048809368
AFTPH,0.00015047003665575624
TMBIM1,0.00015042162427867303
TMEM214,0.00015032856386721586
FCRL5,0.0001502009639288053
PLA2G12A,0.00015013231876743048
NCSTN,0.0001500386335654279
NFYC,0.00014989543420515256
PHGDH,0.00014960970190981815
CEP63,0.00014946215493735377
MAPKAPK2,0.0001493170441484372
HSPA6,0.00014925577151543736
DNAJB4,0.00014924816370791841
SLAMF7,0.00014884322034556952
GMCL1,0.00014863343643319854
PHC3,0.00014854494594840082
RNASEH1,0.00014852619600848403
LRRC47,0.00014781682163069945
CFAP36,0.00014777291373572983
FOXN2,0.00014774523567448835
RRAGC,0.00014763608364356994
ZMAT3,0.00014742856825541097
DUSP11,0.00014737457813982283
ARL8B,0.00014732103351144447
FIP1L1,0.0001469920910823801
SMG7,0.00014681309457015073
SFXN5,0.0001466802113200069
CERS6,0.00014662446387956606
RAB3GAP2,0.0001466173085025875
SP110,0.00014648975651351554
PPP1R15B,0.00014622358410847165
SLC25A38,0.0001460498750933925
PLEKHA3,0.00014592520914105428
INPP4A,0.00014550262725511673
KYNU,0.00014546533184267438
EXOSC7,0.00014537330523067468
RP11-372E1.4,0.00014510722669554743
SLC6A6,0.00014506401420880268
PIGK,0.00014504007348462
PEA15,0.00014465640652394543
B4GALT3,0.00014464141268998642
ABCD3,0.0001445865454590425
LRRC41,0.0001444784267523866
USF3,0.0001444575779091039
LRPPRC,0.00014421098673156023
MPZL1,0.00014418319664403283
NMD3,0.00014416452601067234
EAF1,0.00014402325550429005
DDAH1,0.00014386820483811537
IL1B,0.00014382332725188285
NOA1,0.0001436678113809377
CAMK2D,0.0001434892494352636
SHC1,0.00014348181163635653
CENPF,0.00014347322119576694
QRICH1,0.0001433189352008643
ETV5,0.0001432900839320435
REST,0.00014328822183118348
TNFAIP8L2,0.0001432834395174359
C2orf72,0.00014275098637543223
PDE4B,0.0001427440294164908
ATP2B4,0.00014260701062140827
ERI3,0.0001424332152479664
MYSM1,0.00014233289141046596
CD34,0.0001421638807674296
DYNC1LI1,0.0001421342939645964
DCTN1,0.00014197823181310088
HTRA2,0.00014183232096622486
UBXN11,0.00014178341440543947
NCKAP1,0.0001416482513911654
SMARCC1,0.00014140179803594517
ZNF326,0.00014102591167899046
ABI2,0.0001407698478741865
UBR4,0.00014072915593902385
GPATCH4,0.0001407210656998274
PREB,0.00014070282099652717
ELP6,0.00014069368996958654
ZMPSTE24,0.0001406610988543556
MRPL9,0.00014063499156913157
FAM126B,0.00014061881168988768
NOC2L,0.00014054466364263584
CDC20,0.00014041118823291174
GMPPA,0.00014039845513189508
DPH5,0.0001401672411686264
HYAL1,0.00014003597914603305
TMEM115,0.00013957609355959904
TIMMDC1,0.00013952167472069634
RORC,0.000139290582677114
ZNF644,0.00013904058028637174
MYD88,0.00013895293528438376
UTP3,0.00013895238978029237
EVI5,0.00013883325824934573
SLC50A1,0.00013880119797049132
CYR61,0.0001387835195819385
GTF2B,0.00013877282378624452
HAAO,0.00013862403421134768
MRPS22,0.0001385471723867567
SLC35D1,0.00013826672786150225
RFTN1,0.00013826473880691788
RHOU,0.0001378882888313347
UBP1,0.0001376982454909607
RGS18,0.00013758620854964428
CLIP4,0.00013729310762880588
IP6K1,0.0001372347324819657
ATF3,0.00013718615255351853
FAM208A,0.00013709824590910378
ITGAV,0.00013693692731458132
TNIP2,0.00013669730704359177
KRCC1,0.00013666234476774984
PCYT1A,0.00013646940863051515
YARS,0.00013621499855037247
THEM4,0.00013614882054477836
C3orf58,0.000135998390283713
TMEM131,0.00013594295938232592
SYNC,0.0001358386346709919
ARL6IP6,0.00013567528257583944
USP33,0.00013554431495967342
COA5,0.0001354726940651479
REV1,0.00013521959754502443
DOCK10,0.00013509122775169722
RAPH1,0.00013495458516747286
SMIM1,0.0001348517369830473
WDR54,0.00013468554380198638
PARP9,0.00013464690076456267
UPP2,0.0001345860014603974
TMEM87B,0.00013456183329528594
HMCES,0.0001344701706274957
WDR6,0.00013400603593737012
AASDH,0.00013398862330491287
S100PBP,0.00013386493008160283
TCEB3,0.00013337342883950305
MED8,0.00013281799428607066
CDK11A,0.00013270906728034292
MSL2,0.00013253314760179008
CCNG2,0.00013243117341735816
MAEA,0.0001322566955921946
PIK3CD,0.00013201831327092057
TNS1,0.00013179283530738453
ADCK3,0.00013177584743949135
LXN,0.0001315897332335715
RAB3GAP1,0.00013153123687817248
TMEM175,0.00013150646830912508
ITLN1,0.00013109516288231353
CCBL2,0.000130945400093554
TIA1,0.00013090888699917157
GPR137B,0.00013070245227061385
NDUFS1,0.00013062712552765367
RETSAT,0.00013061270085128397
NXPE3,0.00013056579101163024
CXCL3,0.00013021800240274237
DNAJB2,0.00013014716866573917
FAM73A,0.00013012714746336347
SF3B4,0.0001298714341009687
CYBRD1,0.0001298459517926395
F13B,0.00012982576302001875
RQCD1,0.0001297061555266632
C2orf88,0.00012969961825839272
UBE2E2,0.00012962504703388107
SPRTN,0.00012955303548229416
RNF220,0.00012933565800568085
RP3-395M20.8,0.00012930369622527103
TCTA,0.0001290688106982591
IGKV4-1,0.00012901889225097794
GNPAT,0.00012899590887786644
ALPL,0.00012868998600378228
EREG,0.0001285265241346528
CDC73,0.00012815420801976245
TRMT10C,0.0001278193743225744
DFFA,0.00012775099744433388
GPRIN3,0.0001275149358928083
DCAF6,0.0001274483326631939
KMO,0.0001270955282504643
INO80D,0.00012683418547807958
KLHL20,0.0001267976760137813
NUP54,0.00012633291125092408
LYPLA2,0.00012623223226069423
SLAIN2,0.00012622273089375204
ITPKB,0.00012621851719470974
IP6K2,0.000126049909470485
QPCT,0.0001260079132907131
SLC2A1,0.000125897093265701
SENP5,0.00012581762406985736
EGLN1,0.00012577670750931182
GMPS,0.00012557948732204075
TEX261,0.000125142706198212
CLSTN1,0.00012508607026269969
CYP1B1,0.00012448202509353503
NPHP3,0.00012438552359736346
ATIC,0.00012436107991919634
PBX1,0.0001243589972244042
CD58,0.00012432480778956818
RAMP1,0.00012394651101808936
PTCH2,0.0001238984997751706
INPP1,0.00012387999091191597
SERTAD2,0.00012370619902336337
ABL2,0.00012365680669437188
C1orf35,0.0001231391303191301
ISG20L2,0.00012313737410962462
OPA1,0.0001227705321534923
ANGEL2,0.0001227506792160824
HNRNPLL,0.00012274280444640043
ATP11B,0.000122625789487404
CEP104,0.00012248104438234472
SIKE1,0.00012233472772595934
MCEE,0.00012224353125788202
DUSP10,0.0001222149880579875
EXOG,0.00012215431840581183
MTX2,0.00012211327800315828
C3orf17,0.0001221093732231757
ANKZF1,0.0001219139935801307
PRKD3,0.00012191295881403711
P2RY13,0.00012185169512144716
CCNT2,0.0001217078024441858
CHD1L,0.00012148988682975726
STAMBP,0.00012144627593442313
CAMK1,0.00012129385156055545
SRGAP2C,0.00012104734578728725
VAMP4,0.00012089245091389052
TSEN15,0.00012078210481026304
FCGR1A,0.0001207817355195569
DNTTIP2,0.00012067152124365003
COPS4,0.00012063373160972214
SNAP47,0.000120591825724685
TMEM127,0.00012059115885080938
PDE4DIP,0.00012034748730675225
LCORL,0.00012031691713816076
SLMAP,0.0001203088115145945
OSBPL11,0.00011997600620574526
CCDC58,0.00011981748486447928
SLC30A9,0.00011977981461346526
FH,0.00011944581603393489
RHCE,0.0001192439284126289
DENND1B,0.00011924135217721971
GULP1,0.00011904294176546584
PLGLB1,0.00011892361412018941
LAMTOR3,0.00011889136542081204
CASP10,0.00011889016801543048
MRPS9,0.00011876897721405781
FBLN2,0.00011868734362062696
GFM1,0.00011858531393411108
YIPF1,0.00011852589218145174
MFSD14A,0.00011842439550831198
SLC8A1,0.00011832804253285241
UBR3,0.0001183115249343397
MECOM,0.00011827009014958848
C2orf47,0.00011795746791682201
GLT8D1,0.00011793698780674386
DESI2,0.00011745252656887218
AGPS,0.00011735204733123341
STAG1,0.00011730101571572301
USP39,0.00011700096072434619
RP11-553L6.5,0.00011693723067601375
MRPL53,0.00011687931609501189
RPAP2,0.00011681389921892584
TSPAN5,0.00011677117998865654
VHL,0.0001167522850206016
PIGF,0.00011672375592326862
TPRA1,0.00011659536510925857
FHL3,0.00011651715721787984
GNB4,0.00011637361735355889
TNIK,0.00011631988206904111
MEMO1,0.00011620325451319763
CD244,0.00011617848990849742
BDH1,0.00011607843170615662
KIAA0040,0.00011598897193918128
TRIM11,0.00011585124284876108
SLC11A1,0.00011570095429777979
UBAP2L,0.000115610807390583
METAP1,0.00011555173611587686
FMNL2,0.00011535023304453011
ATAD3A,0.00011513714856118621
GSK3B,0.00011505600908933447
ADGRL2,0.00011496409366034068
CLDN11,0.00011489590564063154
FBXO2,0.000114835496809277
SLC4A7,0.00011480980314459905
TMEM129,0.00011459965370063315
NIFK-AS1,0.0001145826553496699
HPS3,0.00011451972602716503
HACD2,0.00011449982347052776
ELOVL1,0.00011442890905322244
PRKRA,0.00011386471008756125
SLC25A24,0.00011384497274722527
HIST3H2A,0.00011359734678822706
CMTM8,0.00011359372967818193
DAPP1,0.00011349910761149149
PDIA5,0.00011341724802931741
DSTYK,0.00011331415564155286
DMAP1,0.00011321503205462796
EIF2AK2,0.00011314342818019807
KLHL8,0.0001131161440091795
ABHD10,0.00011307481886856513
NR1D2,0.0001130647909370365
DENND6A,0.00011305180788652379
ADPRHL2,0.00011296005944733389
GON4L,0.00011293766912486137
TBC1D5,0.00011283936312079675
RRP15,0.0001127895104305988
HS2ST1,0.00011267461484725041
THUMPD3,0.00011266997222114888
GPN1,0.00011262833926121136
TMEM69,0.00011238482981452796
FAHD2A,0.00011237321486042066
SACM1L,0.00011231609856562288
COQ2,0.00011218926981559683
LRRC8C,0.00011196416003753523
TMEM9,0.00011194519287899724
CCR2,0.00011192572037084445
F11R,0.00011192400455189461
SULT1E1,0.00011170164257645165
C1orf115,0.0001115365865709088
LETM1,0.0001115010323085404
KAT2B,0.0001114968612718501
ATP2C1,0.0001114891793989676
WLS,0.00011142087388690942
RFWD2,0.00011129150530899669
PEX19,0.00011112729153099959
FETUB,0.00011109831757312444
SEPT10,0.0001108829807755512
PNO1,0.00011082887059865216
ITPR1,0.00011074313553835026
BRE,0.00011045814422458207
DDI2,0.00011044372510027155
TRIB2,0.00011030960982214118
PPP1R8,0.00011025518104310861
CDKN2C,0.00011022469839933276
SLAMF6,0.00011021317375533196
NOTCH2,0.00011014418398490668
RCAN3,0.0001100100660597772
TMEM57,0.00010983155220145536
TAF13,0.00010977116594463006
RUFY3,0.00010967952981913056
MTFR1L,0.00010956597374595346
ACMSD,0.00010944786914731327
TXLNA,0.0001092141393030886
NUDT9,0.0001090495100145606
C1orf131,0.00010897400679041715
PPP3R1,0.00010888217202688046
SF3A3,0.00010884974434160532
PIGG,0.00010877828590982188
TIFA,0.0001087293587487026
CNOT11,0.00010870427931391628
ICMT,0.00010819777900803737
CPSF3,0.00010813694949555855
RARRES1,0.00010807412921549153
FHIT,0.00010806382137868632
FBXO28,0.00010799326148406677
SMYD2,0.00010743044778206416
SMG5,0.00010735063335338384
ELMOD3,0.00010712793322575208
MAN2B2,0.00010704803437221448
GAR1,0.0001069452261412467
PHLDB2,0.00010694305991911994
RP11-328K4.1,0.00010680007301109287
SIDT1-AS1,0.00010664775871348268
RYK,0.0001066411949714421
UBXN2A,0.00010649010058771176
ARHGAP24,0.00010645679844949092
ENTPD3-AS1,0.00010640803872383816
MRTO4,0.00010638556733749287
SRBD1,0.00010633554734630237
GGPS1,0.00010622311292320394
NPRL2,0.0001061885367742685
PEX13,0.00010598212255445742
PLOD2,0.0001058853639126665
PLOD1,0.00010572867448503858
WDR77,0.00010567985459048189
STX18,0.00010553688218040272
LRIF1,0.00010525915091076612
PDE12,0.0001050098776673274
RP4-710M16.2,0.00010496160436701817
TYW3,0.0001048448014190659
ZNF639,0.00010470602741846104
GBE1,0.00010468547597483134
UXS1,0.0001046538712701846
SPAG16,0.00010461518522936647
SENP7,0.00010459329300276712
MLH1,0.0001043262761917208
NIT1,0.00010428089161507901
SPOPL,0.00010426182808472038
LIMD1,0.00010420724999698556
FILIP1L,0.00010415798312918176
UBXN7,0.00010413278538865268
ANKRD39,0.00010411165149821877
C4orf32,0.00010399447328138249
RALGPS2,0.00010399020632560046
HGFAC,0.00010393240412972499
UBE4B,0.00010389338664851063
RIF1,0.00010380288946968411
GMEB1,0.00010362760142782681
INTS3,0.00010356911576509674
HIST2H2AC,0.00010355948681741052
RP11-296O14.3,0.00010328158802807838
SLC39A8,0.00010325676845110345
TSSC1,0.00010318004496996721
NBPF12,0.00010295775956258992
WDR75,0.00010280539259910164
NAB1,0.00010232893376538388
MRPL35,0.00010232203768342104
ADORA3,0.00010229137028199423
KCNC4,0.00010218142276838392
MAGI1,0.00010213521304170957
SLC35A5,0.00010208918485723978
PXDN,0.00010191751253659213
MTHFR,0.00010181864772866898
TMEM41A,0.0001017578977139555
PEF1,0.00010171490215632146
PDCL3,0.00010168405415426813
RP11-222K16.2,0.00010136401315171026
CDC42BPA,0.00010119513829941053
NRROS,0.00010116347245935412
UBA7,0.00010113611279009053
PTPRG,0.00010112354453102773
SFMBT1,0.0001010747913816511
PRKCD,0.00010107471126382812
VPS72,0.00010087796658704939
UCHL5,0.00010081682794220854
ING5,0.00010074781306096892
SRD5A3,0.00010073920493780365
LUZP1,0.00010059467550582747
SNHG12,0.00010058833282481483
MRPL30,0.0001005486616366411
ZBTB7B,0.00010051746045240293
MARC2,0.00010051092839176497
RABIF,0.0001004971004228211
PCCB,0.0001004337108152166
TNK2,0.00010033286217029631
METTL13,0.00010023215848997436
FLJ22763,0.00010016896640512503
METTL21A,9.984588852182766e-05
EVA1B,9.973578998494289e-05
PNPT1,9.96829803695792e-05
SPR,9.960786343436908e-05
NIF3L1,9.95932864327526e-05
KCTD18,9.95792376751254e-05
C3orf38,9.954242711410353e-05
BCL10,9.947783238607873e-05
SEC16B,9.936547813158448e-05
GEMIN6,9.927763737293063e-05
SMC6,9.912664422201841e-05
TPRG1L,9.905928231255609e-05
KLF15,9.904746840754158e-05
RNF103,9.896394298945808e-05
FAM175A,9.888509794954028e-05
SLC39A10,9.878584944328715e-05
SEC22C,9.842828393385925e-05
ECM1,9.815820567324008e-05
DOK1,9.805640524012546e-05
CENPE,9.800057904081383e-05
ATP8A1,9.782874944044303e-05
ABHD5,9.77683452967836e-05
MTR,9.770981901188184e-05
TMEM222,9.768669366618696e-05
PSD4,9.765518805173591e-05
SPEN,9.763850747742872e-05
SRGAP2,9.757689976390345e-05
BCL6,9.75613247817418e-05
USP24,9.753275723161452e-05
ITGA6,9.74101263554723e-05
STK40,9.741009824400904e-05
SLC30A1,9.734045198515398e-05
GBP3,9.709625543841893e-05
IPO9,9.696936135035074e-05
SP140,9.691409703499663e-05
RP11-295G20.2,9.690728235164719e-05
LDLRAP1,9.686516666427357e-05
KIF1B,9.684017165526589e-05
CISH,9.682256968004527e-05
ZZZ3,9.676336498139838e-05
CAPN7,9.667701646953464e-05
COLEC11,9.656112906524276e-05
IGSF8,9.653280617449355e-05
SMARCAD1,9.641553429759589e-05
CIAO1,9.640072708302271e-05
POLR2D,9.639390702212293e-05
ANKRD13C,9.633218534815314e-05
SESN2,9.629283355862159e-05
LRCH3,9.622377131170888e-05
CLOCK,9.621756541463784e-05
GPATCH11,9.616783497593653e-05
EHBP1,9.608648931588809e-05
BAP1,9.593749953845411e-05
TMEM44,9.546824197290672e-05
ACTL6A,9.530500168358507e-05
PPP1R21,9.530109487132851e-05
SEC24B,9.517724693655503e-05
HS3ST1,9.51167732310445e-05
GATAD2B,9.504274295511994e-05
NTPCR,9.490838066122911e-05
FAM168B,9.476478100133713e-05
ABCF3,9.474905732640696e-05
D2HGDH,9.472943198379599e-05
PHTF1,9.470775903005016e-05
CHPF,9.456406543519682e-05
METTL14,9.435862060125349e-05
POMGNT1,9.432965449293715e-05
SH3TC1,9.432945960117287e-05
IFT57,9.42931232436662e-05
KIAA1715,9.425852781133304e-05
COX18,9.418417609546572e-05
SLC41A3,9.394607252485348e-05
N4BP2,9.38329327377536e-05
TMEM39A,9.381820833934296e-05
DAG1,9.378215610541854e-05
MOGS,9.375155505515733e-05
SLC9A9,9.355006300662556e-05
ATL2,9.350090831982115e-05
GPX7,9.327147995818707e-05
CTDSPL,9.324552988932039e-05
TOMM70A,9.320386020488094e-05
CNST,9.305128366717455e-05
C2orf69,9.298908545924149e-05
TMEM42,9.297941406818026e-05
C1orf132,9.268759662352684e-05
ATF2,9.266494567643162e-05
FAF1,9.25905098870797e-05
PEX11B,9.257526037313878e-05
DIS3L2,9.255490590306454e-05
RPUSD3,9.253621563007389e-05
THAP4,9.240963079236381e-05
CITED4,9.23115030085246e-05
ATG7,9.219634879624572e-05
SMPD4,9.214311640293333e-05
MR1,9.209428142740024e-05
C1orf27,9.203910195523282e-05
GTDC1,9.1902177627257e-05
MANBA,9.184508001487068e-05
IL17RC,9.182839661292499e-05
KLHL6,9.182383442396545e-05
SLC35A3,9.181797546598225e-05
KLHL5,9.174520391461003e-05
PIGC,9.166713106908706e-05
RBMXL1,9.15690386191413e-05
CNOT10,9.153510157507243e-05
TRNT1,9.149801836751572e-05
SCAP,9.148979232093026e-05
ERCC3,9.11882844234917e-05
PTCD3,9.114783796183862e-05
MAP3K6,9.11226493576626e-05
P4HTM,9.110378919114634e-05
B3GNT2,9.10857023702488e-05
ABHD6,9.093613150880273e-05
MAGEF1,9.078660129273249e-05
EIF4E3,9.077277954228743e-05
PLCD1,9.064200137033842e-05
AMPD2,9.057150994406873e-05
COG2,9.031260755378705e-05
FAM110D,9.029545181521294e-05
MTIF2,9.015892274887418e-05
IWS1,9.014268855905348e-05
CSF1,9.013544160283254e-05
UGT2A3,9.008939833323778e-05
CLCC1,9.006229765501232e-05
AMOTL2,9.003861372944822e-05
WDFY3,9.002776873711987e-05
GALNT15,8.974140231018452e-05
SLC16A1,8.961196602614461e-05
RNF2,8.956501450278461e-05
WDFY1,8.945900993685783e-05
PGM2,8.942132255463801e-05
OPN3,8.940530475162236e-05
KDM3A,8.916565503843563e-05
HES4,8.916348952913225e-05
SLC35F5,8.906094677531725e-05
C2orf76,8.897785627220201e-05
ESPN,8.897539700573705e-05
ALG6,8.888000582194034e-05
LZTFL1,8.88733633610384e-05
CPTP,8.882054137636531e-05
FBXO6,8.872574261036352e-05
CLSPN,8.869957435893511e-05
CEP170,8.864176173919107e-05
ACKR3,8.827752136547603e-05
DZIP3,8.824230886607283e-05
TACC3,8.823143025089119e-05
KIAA0232,8.819989766185251e-05
ZC3H8,8.816104765306452e-05
HS1BP3,8.812333642937608e-05
B3GALT6,8.793522721313842e-05
PIGR,8.788056198647262e-05
GIGYF2,8.786201615162268e-05
GBP5,8.78085645881002e-05
ARHGEF26,8.779840780523818e-05
THNSL2,8.77689171303148e-05
LINC00339,8.758730124291396e-05
MUTYH,8.754186053690075e-05
WDTC1,8.752666000820055e-05
ZDHHC18,8.750818248230454e-05
PDE6D,8.748729493638064e-05
TP53I3,8.747572656460945e-05
ANKRD36,8.740892593466794e-05
ZNF672,8.737037975046581e-05
ZC3H12A,8.731530658885203e-05
CPOX,8.700190809228063e-05
BMP2K,8.68955960581069e-05
DPP4,8.688498754947933e-05
FBXO44,8.676644247062577e-05
KDM4A,8.619134831724239e-05
B4GALT4,8.616408313197911e-05
PIK3CA,8.614987844361042e-05
ACAD9,8.60865024398988e-05
FAM76A,8.586820727866525e-05
PKP4,8.586077010203766e-05
ENPEP,8.57839775025718e-05
RNF123,8.566675043149735e-05
ERICH6-AS1,8.554735833271383e-05
AC104820.2,8.554355160001972e-05
ERO1B,8.552870172465713e-05
LINC01116,8.548972483266353e-05
EYA3,8.546051055385101e-05
MBD5,8.543284390401778e-05
POMC,8.539022547629839e-05
DNAJC16,8.537997848866478e-05
GCFC2,8.537093979532554e-05
FAM114A1,8.530098268643132e-05
PIGX,8.52211630129455e-05
FAM20B,8.515435140950222e-05
CWC22,8.508069178221157e-05
RUBCN,8.50632848581518e-05
NCEH1,8.501227830767287e-05
IGKV3-20,8.491936435844453e-05
MTA3,8.472781720931487e-05
VPS8,8.465854071221688e-05
EFCAB2,8.455797286221511e-05
SESTD1,8.448300792763847e-05
ANTXR2,8.432205808474784e-05
KIAA0907,8.425311568635693e-05
ANAPC4,8.421117451534559e-05
WHSC1,8.41544641853977e-05
DNAJC13,8.40877827036745e-05
PDZK1IP1,8.39439808711288e-05
LSG1,8.387234891921963e-05
JAKMIP1,8.379446604107568e-05
NBPF11,8.374102195732914e-05
MIIP,8.372926733295824e-05
PREPL,8.360846134656868e-05
RBM43,8.360598156759151e-05
MYCBP,8.354773413260686e-05
YY1AP1,8.354288782774255e-05
ABHD14A,8.351079061331335e-05
TFB2M,8.34978654228919e-05
RLF,8.346593789387949e-05
HLX,8.345767958963508e-05
BTD,8.340247145615401e-05
DBR1,8.318645773372919e-05
CLEC3B,8.31118510108013e-05
LIAS,8.310559188450549e-05
SUPT7L,8.303463383909714e-05
ACOT7,8.287019349932709e-05
LZIC,8.283102631481471e-05
RP11-1398P2.1,8.278093865805594e-05
NOL9,8.276724356329588e-05
WRAP73,8.267991385607724e-05
TRAPPC12,8.262796812224381e-05
DNM3OS,8.257522064841019e-05
C3orf62,8.255648572272842e-05
NR2C2,8.249129965069027e-05
KLHL18,8.247824001740515e-05
SLC4A1AP,8.247076087688319e-05
GCSAM,8.244848485275328e-05
NBPF19,8.241852270593878e-05
SENP2,8.222818687560716e-05
PRPF3,8.220784142808917e-05
SCYL3,8.216096466208013e-05
GBA,8.213369625189805e-05
ZNHIT6,8.212601471779859e-05
DUSP12,8.211975277662344e-05
RNPC3,8.206275521432138e-05
RBM15B,8.205761451604482e-05
OXSR1,8.202290715338456e-05
GK5,8.186335478299443e-05
ZNF362,8.18427059330775e-05
GTF3C2,8.182044878254015e-05
NIPAL3,8.16440000326777e-05
PI4KB,8.150250424707035e-05
MTF1,8.124813193128761e-05
IFI44L,8.123285135482591e-05
ELF3,8.1206621319043e-05
AKT3,8.117962065494658e-05
AC245100.1,8.115354840349601e-05
DEDD,8.112238759477323e-05
MCCC1,8.108759050002311e-05
ASPM,8.082759233849708e-05
PECR,8.072082667243954e-05
EMILIN1,8.063961824752576e-05
HSPBAP1,8.057638897367403e-05
RP11-6B4.1,8.055515163718874e-05
CCNYL1,8.045800996516386e-05
VRK2,8.043985837360771e-05
RBBP5,8.041932973149401e-05
PIGM,8.022487263200845e-05
P3H2,8.017955189757847e-05
PRMT6,7.9888051122353e-05
FAM129A,7.985110987031225e-05
SOWAHC,7.970456387372557e-05
DCUN1D4,7.963542948334265e-05
NR5A2,7.957799044283387e-05
GTPBP8,7.923763558464573e-05
DBT,7.923118738832193e-05
LINC00623,7.903038804463098e-05
DNMT3A,7.901430180406245e-05
PEX10,7.900263093846479e-05
TMCC1,7.900198373416608e-05
RP11-284N8.3,7.894720398815875e-05
OTUD7B,7.877156349664028e-05
CASP6,7.842637312457288e-05
C1orf50,7.838388367800249e-05
TRMT1L,7.832728840055178e-05
EMC1,7.831255743310763e-05
UMPS,7.831223739656056e-05
BOLA1,7.830331777894301e-05
RUVBL1,7.829365774633723e-05
PLCL2,7.822093359489335e-05
ZBTB37,7.81197405383292e-05
R3HDM1,7.809118011447617e-05
APITD1,7.802908148296575e-05
ATP8B2,7.80141556882992e-05
ANO10,7.79803784169794e-05
C2orf49,7.791955903089925e-05
SHISA4,7.765814296525877e-05
ATG4C,7.735199931598811e-05
AC007246.3,7.731031911518632e-05
SUMF1,7.727213971979994e-05
PER3,7.718142160772485e-05
CX3CR1,7.70965130580168e-05
TCF7L1,7.706980508547942e-05
TRMT13,7.701488296647747e-05
YRDC,7.695147610304139e-05
TATDN2,7.69172282989216e-05
GPD1L,7.67974001200731e-05
NELFA,7.676834634516978e-05
TET2,7.671161931662827e-05
SPTA1,7.669262642119e-05
SZT2,7.668785186075966e-05
FAM98A,7.662731562830927e-05
SH3YL1,7.643777440427984e-05
TOPBP1,7.641858403801185e-05
MCM6,7.631748308263818e-05
RP11-538P18.2,7.630851931946975e-05
FOXJ3,7.622733339942871e-05
CCDC51,7.620690016346267e-05
TMEM63A,7.61092881479064e-05
SKI,7.608543530010758e-05
QTRTD1,7.602460328345085e-05
LANCL1,7.580345472605749e-05
MYRIP,7.578189304171908e-05
DALRD3,7.562471779341136e-05
DVL3,7.560197415062969e-05
CCDC18,7.559171314385757e-05
CCDC93,7.553064804211769e-05
CD1D,7.546570052198956e-05
TMCC2,7.545738830126895e-05
PAPOLG,7.515934594005467e-05
IRS1,7.514665412091318e-05
HEATR1,7.488012919572951e-05
GPR155,7.48791543885214e-05
ARIH2OS,7.485026142978195e-05
NBEAL2,7.468664671634364e-05
EXOC1,7.466164610840745e-05
PIKFYVE,7.438107127868616e-05
HTT,7.434182873302654e-05
PXK,7.420875970628655e-05
NSUN3,7.41004369083073e-05
BCS1L,7.402108783557543e-05
FARSB,7.396835631114339e-05
NBL1,7.381957514606403e-05
SH2D1B,7.378254628091072e-05
CTTNBP2NL,7.371738655665462e-05
HNRNPU-AS1,7.363210970612388e-05
TBC1D23,7.358307009080057e-05
AFF3,7.353054055424923e-05
COPS7B,7.344898078552732e-05
WDSUB1,7.321605139031755e-05
ITGA10,7.321016048015381e-05
DDX59,7.320601765229616e-05
MFN2,7.30808172319986e-05
OGG1,7.300621989181568e-05
LRRC40,7.289763036378076e-05
UBIAD1,7.277258912089162e-05
FGD5,7.269181738113248e-05
OSGEPL1,7.268763340347758e-05
BDH2,7.260170299642495e-05
ARV1,7.252820281834664e-05
KLF11,7.2515366396533e-05
SLC16A1-AS1,7.245739368892899e-05
ANKRD36C,7.24484226625712e-05
TAPT1,7.238775413428606e-05
VAV3,7.233140219158582e-05
CHCHD4,7.2310881543006e-05
FASLG,7.228719335378453e-05
ALG14,7.227040677480068e-05
NME6,7.219066784104853e-05
CD28,7.21682375471744e-05
CENPL,7.208343828335211e-05
KCTD3,7.207264353163754e-05
RRNAD1,7.206376224607591e-05
TBC1D14,7.203898534685533e-05
TRMT61B,7.181151128408693e-05
ZNF654,7.162758990750943e-05
PDZK1,7.156296411082773e-05
FBXO42,7.152428345594936e-05
RPE,7.151212447044528e-05
ATAD2B,7.140107961278872e-05
NT5DC2,7.126240818013624e-05
FAHD2B,7.123928270523542e-05
SGMS2,7.108089475157954e-05
PAFAH2,7.100847523535815e-05
ACAP3,7.098111146452814e-05
HS6ST1,7.078323291947813e-05
SLC25A44,7.064376604911568e-05
GREM2,7.049850060088562e-05
THUMPD2,7.045866582568676e-05
TBC1D19,7.03829141357893e-05
SEC22A,7.015205767043738e-05
E2F2,7.003959981482861e-05
NSUN4,6.994510213099388e-05
RCOR3,6.993639819501083e-05
PRKCZ,6.988726834747868e-05
ANXA3,6.988539265099098e-05
SLC25A33,6.973705831806114e-05
PEX14,6.969484681088406e-05
KIFAP3,6.966288057454987e-05
RBSN,6.964196321809997e-05
S100A14,6.936284905730026e-05
GPBAR1,6.932023770075751e-05
ERMAP,6.923221943299209e-05
MEF2D,6.911611473909307e-05
UCK2,6.878308976161445e-05
FNDC4,6.875784427035541e-05
LRRC8D,6.863649427098892e-05
STX6,6.857927489416058e-05
DGKD,6.855671673836039e-05
EXOC8,6.851778132987056e-05
PTAFR,6.839239692113929e-05
CPT2,6.819595046553322e-05
EFHD1,6.812056065666682e-05
DCAF16,6.785384312210322e-05
CRTC2,6.783915333376025e-05
GPN2,6.781007172329831e-05
NEK4,6.780087406106338e-05
POLR3C,6.769451506945647e-05
SDE2,6.76819798495732e-05
IFIH1,6.768193662637108e-05
BUB1,6.761161374495673e-05
GPR89A,6.757529962843083e-05
EXOC6B,6.752073338161115e-05
RP11-116D2.1,6.74141545998468e-05
FLAD1,6.730531657753276e-05
TRMT10A,6.725823564824733e-05
DIEXF,6.716098030355005e-05
ASB1,6.712276973292094e-05
ENAH,6.708579141513614e-05
KDM5B,6.708209468822237e-05
PRKCI,6.702519153693279e-05
ZNF445,6.70030555437695e-05
IL10,6.693542258666989e-05
PLCH2,6.685030537199166e-05
MAP4K3,6.669656008527792e-05
CNRIP1,6.665476700357063e-05
HERC3,6.627045638929143e-05
ATR,6.625929934067584e-05
SPC25,6.615757077381762e-05
HIST2H2BE,6.585429822360436e-05
RBKS,6.579329324332627e-05
FZD5,6.570395759531811e-05
TTF2,6.565852568841427e-05
JMJD4,6.555203835391364e-05
PPARG,6.554261832485763e-05
GOLPH3L,6.545099406785511e-05
TTC32,6.541464738343975e-05
KDM1A,6.524974678045308e-05
WFS1,6.514278610063112e-05
CEP68,6.510036829862285e-05
GTF3C3,6.49062259849703e-05
ATG9A,6.482274407491117e-05
KCTD6,6.474044379364954e-05
EIF2B3,6.471915328185848e-05
EXOSC10,6.471760829443456e-05
EPHA2,6.471305022577414e-05
PEAR1,6.462270936560745e-05
PCGF1,6.461546557817187e-05
FCGR1B,6.451185242866805e-05
EPB41L5,6.445477861080654e-05
BPNT1,6.444727009966354e-05
S100P,6.442609703069825e-05
CEP135,6.440491684393912e-05
TMEM43,6.437335144409517e-05
RBM15,6.43389372376467e-05
PPP1R12B,6.424914374356036e-05
INTS12,6.419409819662449e-05
GBP7,6.414215647620237e-05
TMEM150A,6.405179000004115e-05
LY75,6.396770561015489e-05
SLC1A4,6.391539144341214e-05
FASTKD2,6.390312886953802e-05
HDAC4,6.373479599494355e-05
STK39,6.367317485454202e-05
ZBTB11,6.367246621508409e-05
COL3A1,6.364993155065728e-05
AC093323.3,6.364877528764308e-05
NOP14,6.362977647046846e-05
MORN2,6.359694489913598e-05
CCDC71,6.355819345891823e-05
SERINC2,6.348649335618869e-05
ATP10D,6.346594720420299e-05
SCD5,6.336347280762473e-05
CTPS1,6.332727625968528e-05
IGF2BP2,6.328956710230596e-05
SEPSECS,6.327068042654118e-05
PER2,6.325507431984148e-05
SEMA4A,6.318473342177092e-05
PANK4,6.311805915266236e-05
CENPA,6.311675823152787e-05
SLC25A20,6.310822834906437e-05
TRAK1,6.31015615418782e-05
FGFR3,6.309706322012324e-05
IL18RAP,6.296364915746391e-05
PTPN14,6.271176480011303e-05
AGO1,6.270714107924506e-05
SUCO,6.270103479055989e-05
COL8A1,6.25364192757924e-05
TIPARP,6.246353955721751e-05
CCR5,6.22912122723312e-05
TTLL3,6.227385251887578e-05
DHDDS,6.221755383919589e-05
VPS13D,6.210455211361264e-05
STAM2,6.200365619218319e-05
PQLC2,6.18738046713825e-05
ATP13A2,6.186588257713332e-05
PIAS3,6.181523976197586e-05
WDR12,6.179208747480669e-05
ACVR1,6.170194229216952e-05
IL18R1,6.165537954350027e-05
EFEMP1,6.161452575017141e-05
NEXN,6.159245088115044e-05
IFT122,6.158726536956971e-05
MGAT5,6.158102813947642e-05
PLD1,6.154944760560364e-05
PPM1L,6.151754822136334e-05
TTC13,6.146475931260519e-05
DOCK7,6.143672881462162e-05
MUL1,6.126021050406067e-05
IBA57,6.121452282789102e-05
ORC2,6.114916054289954e-05
KCNA3,6.113378563753152e-05
GALE,6.109945374224417e-05
B3GALNT2,6.093895190020561e-05
FBLIM1,6.0835119511061545e-05
SOCS5,6.071761389089863e-05
SULT1B1,6.066076177448452e-05
BST1,6.066034031911882e-05
NUF2,6.049357917581647e-05
ITGA9,6.040799247990765e-05
GUF1,6.033612134942325e-05
POGK,6.031001125409881e-05
CNNM3,6.016792038463065e-05
PI4K2B,6.0150382302238645e-05
RAPGEF4,6.01046761602577e-05
HACL1,6.004089657550284e-05
SLC51A,5.9916705233632845e-05
PAIP2B,5.9824838519842464e-05
TRIM58,5.9732209632503905e-05
SCMH1,5.9713410267875495e-05
CCDC80,5.9396025947890014e-05
XKR8,5.9359674249112365e-05
CHDH,5.9233509541404906e-05
TARBP1,5.9161724153757e-05
RBM34,5.9122942460160336e-05
APBB2,5.909869681632591e-05
FAM89A,5.8963405105009885e-05
DVL1,5.895905621810596e-05
VIL1,5.8909940906044295e-05
CLCN6,5.878134431262467e-05
EPT1,5.866972742360481e-05
CCDC28B,5.866114391227269e-05
CR1,5.86079375676958e-05
TRAK2,5.8601658267415576e-05
FLVCR1,5.856310707048935e-05
VWA1,5.855377662650604e-05
GLMN,5.8458267768726654e-05
DISC1,5.8294416298561474e-05
HECTD3,5.822617673369933e-05
STRIP1,5.820519765292364e-05
CCRL2,5.813137681589723e-05
GRB14,5.8082644840300315e-05
MSH2,5.8074781594450124e-05
CPEB2,5.806638189390898e-05
EEFSEC,5.804820355363171e-05
MARC1,5.80072596461674e-05
PYGO2,5.794296872506135e-05
ATOH8,5.7921325669071656e-05
USP40,5.788378936677863e-05
RP4-594I10.3,5.786178748497116e-05
KTI12,5.778199252812273e-05
AP1AR,5.7717572814273245e-05
MYL5,5.7715481975856184e-05
RP11-539L10.3,5.771251832071649e-05
TYW5,5.7597652432508014e-05
USP37,5.7470664592341504e-05
FLJ20021,5.7459998444240534e-05
NBPF14,5.7346054855652535e-05
ZFYVE28,5.73044168193672e-05
WDR48,5.730426048598913e-05
SPAST,5.724337926618737e-05
SASS6,5.7231824591217195e-05
INADL,5.722734156632796e-05
ST6GALNAC3,5.7163224049505736e-05
ASB3,5.708824610059043e-05
ABCB10,5.69456654097013e-05
FKBP1B,5.6886359225697024e-05
PUSL1,5.688446592219387e-05
TTC7A,5.683460795499167e-05
PLXNB1,5.667850672892105e-05
NUP35,5.664407772163379e-05
LINC01137,5.663087312889131e-05
TMEM150C,5.6608516402955646e-05
RAD54L2,5.6511511038670936e-05
C1orf226,5.645267466033862e-05
RCC1,5.6416792863449066e-05
RHBDD1,5.6400068906685e-05
TTL,5.618047311872821e-05
PRKAB2,5.609951051916418e-05
COL6A3,5.608462974418138e-05
TATDN3,5.605608458106829e-05
FLJ37453,5.602448007607234e-05
HLTF,5.601633112134453e-05
KLHDC8B,5.600176550031957e-05
CDCA8,5.589660949611724e-05
TRANK1,5.572323822793247e-05
SMYD3,5.5542996088392986e-05
TTC21B,5.553088480024179e-05
IL1RN,5.551806224948241e-05
DTNB,5.5515039057716764e-05
RABL3,5.5461301763175174e-05
TACSTD2,5.5445888108199844e-05
PIK3CB,5.5405335766193267e-05
EBLN2,5.539190868110262e-05
PPOX,5.533769783359462e-05
CARF,5.5323229696545433e-05
ZBED6,5.5320706631333205e-05
PTBP2,5.505494256405345e-05
ETV3,5.501250096215448e-05
ABCG2,5.500154231827455e-05
PCGF3,5.494315585398476e-05
LDAH,5.4939255021975167e-05
TMEM51,5.487329598639699e-05
ATAD3B,5.482264963589967e-05
AP4B1,5.4819629552989165e-05
THAP6,5.460839625853126e-05
LRIG2,5.4590829854033754e-05
KALRN,5.4465551095715355e-05
LAX1,5.4414040615293854e-05
TMEM39B,5.4151841640082135e-05
XPR1,5.4073585831982096e-05
NDUFAF7,5.39944468749564e-05
FASTKD1,5.3985736651587886e-05
ZMYM6,5.3985614091738e-05
ANAPC1,5.3954244548218005e-05
TAF5L,5.388820360156835e-05
RP11-286H15.1,5.387772749357398e-05
B3GNT7,5.3871021075365255e-05
NOL10,5.3786671658211894e-05
FAM213B,5.370155017383202e-05
PTPN23,5.363864236174586e-05
RP11-499E18.1,5.3570615759996e-05
RP11-254F7.2,5.3509785464695454e-05
CEP97,5.3434787458022614e-05
MFN1,5.3411213362268094e-05
RAD18,5.3354705409943746e-05
HAUS3,5.332083664933149e-05
PUS10,5.331559910993044e-05
TTC27,5.3183923111667396e-05
ZBTB18,5.313975520536464e-05
AGRN,5.3059868548049544e-05
OMA1,5.295439968553685e-05
SLC4A10,5.294576850363792e-05
RP11-553L6.2,5.293021014839638e-05
CHN1,5.288123106367798e-05
TMCO4,5.2749051471272956e-05
HEMK1,5.258633369360968e-05
CHAC2,5.252945896094933e-05
RABL2A,5.233073002192376e-05
TBCCD1,5.232248367935904e-05
PIK3R4,5.227771182901729e-05
VPS45,5.223082902115485e-05
HIPK1-AS1,5.21777638118876e-05
HIVEP3,5.214253365100328e-05
RNF144A,5.213019142428132e-05
DUSP7,5.20991281498064e-05
CCDC149,5.202095490538224e-05
TTC31,5.1987600873843204e-05
RUSC1,5.181813001696137e-05
MT1HL1,5.1794482226317606e-05
MME,5.176233163642425e-05
FKBP7,5.175122123386757e-05
TNFRSF25,5.171334593010014e-05
GATA2,5.1603105878178357e-05
C1orf53,5.160160813166719e-05
SH3BP4,5.1563064524966575e-05
HHLA3,5.1558045333850514e-05
C1orf109,5.152074921315614e-05
DAPL1,5.151026799481151e-05
IKZF2,5.1373958514444856e-05
PLA1A,5.133473281751226e-05
CHRD,5.127150297602256e-05
RP11-395A13.2,5.1266453226903524e-05
MSTO1,5.122248583279477e-05
FAM63A,5.1156322957753845e-05
SLAMF1,5.113949940580179e-05
MOB1B,5.112351502328665e-05
NBAS,5.1040849163609227e-05
GPR153,5.102570378335374e-05
IGKV1-5,5.100092822882783e-05
NUP133,5.097567306057078e-05
GABPB2,5.095430874860875e-05
METTL8,5.0899877952609134e-05
DYSF,5.0792691902713405e-05
SLC30A6,5.0783162377712525e-05
PKD2,5.073938799230567e-05
AP006222.2,5.065131320779558e-05
NME7,5.06159271357477e-05
TAF1B,5.049769226679623e-05
FAM189B,5.044939333281002e-05
NBPF9,5.0417406193577304e-05
RP3-395M20.12,5.0410453076586184e-05
NLRP3,5.036680796849856e-05
ACTR8,5.0360263565996446e-05
HPSE,5.030815777530084e-05
EIF2AK3,5.0260315819927986e-05
ZNF124,5.0258542592633596e-05
AC074289.1,5.0238641923135675e-05
AC159540.1,5.020102813804184e-05
COLQ,5.019327270315552e-05
NDST3,5.018809890914655e-05
NDC1,4.9974169579041855e-05
CAMSAP2,4.9919164665029903e-05
FAM159A,4.9863505637674865e-05
DNAJC11,4.9644112801043884e-05
LAMC1,4.960227357689538e-05
NCKIPSD,4.956227378256188e-05
AHCTF1,4.9406935601567866e-05
ARHGEF10L,4.939563660561479e-05
ZBTB17,4.936696274218744e-05
CAD,4.928797365760316e-05
TOE1,4.9283223607716425e-05
RPS6KC1,4.908473299296103e-05
RP11-15I11.3,4.899087195287444e-05
ZNF512,4.896746846253531e-05
MKRN2,4.8926834872420985e-05
GSTM2,4.88611099703324e-05
SGOL2,4.873943368272766e-05
CHST13,4.872521674372259e-05
ATG16L1,4.8597775256332853e-05
PSEN2,4.855207979331698e-05
GDAP2,4.853019162787101e-05
AMMECR1L,4.8485030953238136e-05
IQCB1,4.8476727171411276e-05
ETAA1,4.8416655743694145e-05
ECE2,4.837444569057735e-05
AC068535.3,4.833933301650787e-05
RGS12,4.830839011481765e-05
TANC1,4.8295897401139325e-05
FAM69A,4.828846936694664e-05
DUSP28,4.827571190180858e-05
IPP,4.8105949411085415e-05
RASAL2,4.806023766562131e-05
SORT1,4.804566403817508e-05
LMAN2L,4.8040383350203104e-05
ZMYM4,4.802040940912998e-05
FAM193A,4.7971811534776735e-05
CROCC,4.790671415983282e-05
RP11-452F19.3,4.789612061389458e-05
TGFBRAP1,4.7881765087835206e-05
VPRBP,4.7769874441865695e-05
IPO13,4.77656104217102e-05
ST7L,4.76828101554503e-05
TMEM234,4.768183779750459e-05
RP11-332H14.2,4.765601283038097e-05
RPP14,4.765238566826338e-05
STRN,4.7584379769718e-05
TCAIM,4.7581393472111695e-05
RNF25,4.7551390225080194e-05
MOV10,4.7527128005826995e-05
ZBTB8A,4.742627072881179e-05
TLR5,4.7422112051624335e-05
MASP1,4.739563423018095e-05
IKBKE,4.738618797146885e-05
HELQ,4.734305341127405e-05
SPRED2,4.7248476155562853e-05
TMEM52,4.723761345767543e-05
FARP2,4.7229513752261434e-05
ZNF669,4.7035807627720945e-05
INO80B,4.7035172957370986e-05
GPR160,4.702240730228052e-05
MYNN,4.700875634240203e-05
NAT8,4.6944488574028785e-05
SEPSECS-AS1,4.684748509363945e-05
INPP5B,4.678539243870228e-05
LRRC42,4.675313197686888e-05
XXYLT1,4.668615218572536e-05
SLC26A6,4.662726191633728e-05
BARD1,4.655079956118748e-05
GLRX2,4.6525549125332315e-05
HERC6,4.6521773615142376e-05
RP11-345P4.9,4.6470551151849285e-05
PLS1,4.64672736741385e-05
SETDB1,4.646614096881621e-05
ATP6V1E2,4.645561838158983e-05
SLC25A12,4.639445479823823e-05
NFXL1,4.623767648928285e-05
SHROOM3,4.620413640169994e-05
RP5-827C21.4,4.6090302918574075e-05
EIF5A2,4.607454294104449e-05
NUAK2,4.6065144449072854e-05
AMT,4.598281161884453e-05
LIPT1,4.597013388839637e-05
PARM1,4.5941534983351164e-05
ZXDC,4.5940316045952345e-05
GFI1,4.591770117967866e-05
MREG,4.590399372423207e-05
UVSSA,4.585679547099992e-05
DHX57,4.5780580035200926e-05
FAM117B,4.571735454557553e-05
DHFRL1,4.5700138095500705e-05
PCBP4,4.5690386556270234e-05
PRKCE,4.545817844429806e-05
KIF9,4.545701302258265e-05
ACKR1,4.537683469222329e-05
SRGAP3,4.534920482523872e-05
THADA,4.534447137813052e-05
ANKMY1,4.5341334069630864e-05
PMS1,4.5314481673234264e-05
TP53BP2,4.528720437385837e-05
SGCB,4.526929490726566e-05
VPS54,4.515088778474497e-05
EVA1A,4.510159611585598e-05
LRRC7,4.493862308965731e-05
CHML,4.491968242823172e-05
CBWD2,4.476547215589538e-05
KIAA1524,4.475900572601832e-05
FANCL,4.467424586490056e-05
FBXO48,4.457985466031416e-05
CRYBG3,4.453714229105829e-05
EXTL2,4.444203743358255e-05
TSGA10,4.437706416132632e-05
SFT2D3,4.4343833223398554e-05
ZNF142,4.434080653105084e-05
RP11-554J4.1,4.433954369549209e-05
THAP3,4.425089377864452e-05
TMEM177,4.423882526117788e-05
SEMA4C,4.42301008983976e-05
BLZF1,4.4197877793767175e-05
NCK1-AS1,4.412710880646932e-05
RAB28,4.4114626258653014e-05
WDR92,4.40883165010517e-05
TMEM54,4.399629556594175e-05
MIR181A1HG,4.398116836373361e-05
DNALI1,4.3976276959851206e-05
RFT1,4.386961302758159e-05
SAP130,4.386249813649835e-05
FYCO1,4.377391018782424e-05
SOS1,4.366811410157237e-05
FAIM,4.3487783392049593e-05
ASAP2,4.339947454795891e-05
ABCG5,4.3368157543059655e-05
PARP15,4.330487111191014e-05
GALNT3,4.329479256104367e-05
TAL1,4.328880472288717e-05
DDX20,4.325324298093811e-05
SIDT1,4.3245183821339664e-05
PIK3C2B,4.323501397666186e-05
FAM102B,4.314890173315605e-05
RP11-490M8.1,4.3122562224131784e-05
EPC2,4.3116698747362534e-05
MTOR,4.2997451496833845e-05
ASTE1,4.2951490795031036e-05
POGLUT1,4.2949960638720716e-05
RNF19B,4.290937020806142e-05
RP11-286E11.1,4.27064795365333e-05
RTKN,4.269866518775092e-05
WARS2,4.2652123859010665e-05
LRIG1,4.248450326482997e-05
OSBPL10,4.241575365546779e-05
RRP9,4.237722714016103e-05
KANSL3,4.2365508026289986e-05
GNPDA2,4.229448004773149e-05
TBC1D8,4.2237217039667016e-05
CD1C,4.222602187013569e-05
C4orf36,4.221442019679997e-05
UBQLN4,4.21493106696119e-05
CXCL1,4.211455755582014e-05
TIPARP-AS1,4.203448110918115e-05
TARS2,4.202174357495982e-05
OLFML2B,4.196555114061165e-05
MMP23B,4.1921834105437105e-05
RGS16,4.185731908877397e-05
VANGL1,4.184250884859829e-05
GJA5,4.1841884530829605e-05
PRKAA2,4.167726532679793e-05
TTN-AS1,4.1635935264221284e-05
LRRC8B,4.139467171320983e-05
DNAJC27-AS1,4.132689890618094e-05
WDR3,4.1311438951597975e-05
SHISA3,4.116187229932026e-05
HEATR5B,4.1139253859613364e-05
INHBB,4.1134786571790865e-05
ACP6,4.104372041034459e-05
BANK1,4.093051988585336e-05
NBPF1,4.0869087568967876e-05
TADA2B,4.0859808658229717e-05
FGFRL1,4.085284082316062e-05
YOD1,4.082680726817152e-05
HHAT,4.0777609138813134e-05
AC093495.4,4.074230120779146e-05
EOGT,4.066850185660252e-05
METTL18,4.0554163783701436e-05
LMOD3,4.050579121818651e-05
ZNF513,4.031992009188959e-05
NAP1L5,4.0308475839040846e-05
GIPC2,4.0172916248574246e-05
ZNF678,4.004882338775835e-05
ABCB11,3.988026272668213e-05
SH3BP5L,3.983143026390771e-05
SUCNR1,3.98210218618929e-05
NBPF15,3.9815896497871196e-05
TMEM82,3.9759501940742154e-05
MINA,3.973069892257042e-05
TBCK,3.9624581261581624e-05
NAV1,3.961621717107468e-05
NAT6,3.952851069782954e-05
AC133644.2,3.9515381801436424e-05
RP11-356N1.2,3.9490544666765035e-05
AGMAT,3.9467117538049294e-05
RAB6B,3.9406808018245204e-05
TPRG1,3.9383733816270226e-05
AL133245.2,3.9364461189588544e-05
TBCE,3.9293606798862904e-05
FAM228B,3.910571376684087e-05
GPATCH3,3.9085833566463985e-05
CC2D1B,3.9058615861124425e-05
ALS2,3.9041754554415384e-05
NVL,3.895058742508756e-05
SMARCAL1,3.8783852893114e-05
FCRLB,3.87138007184195e-05
GHRL,3.866582927998497e-05
FAAH,3.858327454971581e-05
NICN1,3.8566431119177273e-05
SLC9B2,3.854287930309424e-05
RBM45,3.85214609423413e-05
ZNF692,3.849238789989431e-05
SHQ1,3.84197887111641e-05
MITF,3.8403232917894585e-05
ABCC5,3.837191579466659e-05
STK11IP,3.826699485842968e-05
CAPN10,3.823972576231771e-05
LARS2,3.8114208465843554e-05
BCAR3,3.809758525033392e-05
RP11-421L21.3,3.800103960726039e-05
KLHL12,3.79870715587112e-05
IGKV3-11,3.7984946504233816e-05
P3H1,3.796291942567937e-05
FAM212A,3.795584033553093e-05
CD200R1,3.7846003311586624e-05
GPATCH2,3.7812180718171544e-05
RP11-130L8.2,3.779802530645663e-05
NCAPH,3.776180336479697e-05
LINC01138,3.771412758249545e-05
PAQR3,3.7703465470087965e-05
CHCHD6,3.7645886877535125e-05
ARHGAP31,3.759377264229038e-05
SEMA3B,3.7568786951288283e-05
CKAP2L,3.729302598684404e-05
AC078883.3,3.71947050841495e-05
PGBD2,3.7194672967518134e-05
HOOK1,3.718948349785314e-05
METTL6,3.7172060823210044e-05
RNASEL,3.714170500481679e-05
TLR6,3.7092422023216425e-05
RP4-549L20.3,3.708202430225032e-05
RTP3,3.7028707382659595e-05
METAP1D,3.7016435568732455e-05
RP11-69E11.4,3.6994015777446954e-05
ZBTB41,3.698767547999554e-05
ECT2,3.69177257736401e-05
PLXNA2,3.684418023948294e-05
RWDD3,3.68081263804155e-05
RP5-887A10.1,3.678058408089036e-05
GSTCD,3.668798853557762e-05
AC079922.3,3.6639139577110604e-05
ATP2B2,3.657271817147883e-05
KIF21B,3.6570453721211403e-05
HERC5,3.649111833813573e-05
AC241585.2,3.6432743322552774e-05
FAM179A,3.639797241370334e-05
NPAS2,3.637389842644437e-05
MECR,3.636717814605735e-05
C1orf228,3.631927289021464e-05
SLC41A1,3.6177460123473905e-05
MLLT11,3.614615392005433e-05
GPC1,3.5920727515202854e-05
USP13,3.587299057928174e-05
PTGS2,3.584365025898013e-05
ETNPPL,3.584305177138265e-05
SCRN3,3.5838658786207374e-05
SNIP1,3.582955309398889e-05
TNFRSF18,3.582200495234696e-05
CAPN10-AS1,3.58008304000841e-05
GATA2-AS1,3.578668001233784e-05
RNASEH1-AS1,3.578084910713587e-05
DYNC2LI1,3.576660325841299e-05
ACVR2A,3.5614307582686746e-05
SPTSSB,3.55904548332962e-05
ZNF35,3.556580493608395e-05
NMUR1,3.556406493126454e-05
KRTCAP3,3.5539154504262066e-05
RARB,3.551259411447621e-05
IL12RB2,3.5482299834544674e-05
YEATS2,3.547362297350143e-05
RP11-533E19.5,3.5446947534406296e-05
RP11-104L21.3,3.537709852036385e-05
ACVR2B,3.5323632118929676e-05
MAP2,3.52260670274757e-05
CCDC142,3.52154690313257e-05
BATF3,3.521426885489329e-05
PPIAL4G,3.5067244738493565e-05
OBSL1,3.5064789121123164e-05
CLK2,3.493169984546102e-05
DCBLD2,3.4901269281039636e-05
HJURP,3.4861598367233783e-05
ADAMTSL4,3.469609422705108e-05
RP4-728D4.2,3.458108045516756e-05
PCNXL2,3.451951796233731e-05
PLGLB2,3.4410908251448325e-05
TSEN2,3.4396475610234025e-05
AIM2,3.438664657801036e-05
DNAJC27,3.4359548868013574e-05
GPAT3,3.435131052811614e-05
TMEM110,3.434933076911483e-05
RP11-440L14.1,3.4305508135171734e-05
IFT80,3.4281069651698884e-05
KIF14,3.426790406800154e-05
FNBP1L,3.424730307809757e-05
IRF6,3.423936852361376e-05
PDGFRA,3.420976899624203e-05
DNAH1,3.4171796681132775e-05
KANSL1L,3.41034320936875e-05
KCNN3,3.4010854571665976e-05
SPICE1,3.400020865895933e-05
FMO4,3.397984463483307e-05
FANCD2,3.3940813836398355e-05
FIGN,3.37812719758062e-05
TPRG1-AS1,3.37792065873572e-05
AC109826.1,3.375424059313642e-05
LIN54,3.373979965739526e-05
FCRL1,3.352038806771627e-05
CMPK2,3.3496653843205394e-05
GLB1L,3.347925366996289e-05
OXSM,3.347728738797914e-05
ZNF436,3.329854181101908e-05
MATN1-AS1,3.3293383302856565e-05
TCTEX1D2,3.328723928404972e-05
RP11-134G8.7,3.323896662975508e-05
B4GALT2,3.323543788151714e-05
CGN,3.320538800687567e-05
CYP2U1,3.318741828323516e-05
FBXO45,3.316851500360439e-05
KLHL21,3.3154261956940075e-05
IL17RE,3.307785823253083e-05
ICOS,3.3044465367529327e-05
EPCAM,3.297125476268321e-05
DDR2,3.2964443262281994e-05
TOMM40L,3.2950946449825916e-05
LCLAT1,3.287330386293189e-05
GORASP1,3.2851185874575884e-05
AC062029.1,3.278948823343006e-05
LEF1,3.274350505935475e-05
MAPRE3,3.273267658857935e-05
RP11-126K1.6,3.264107509953678e-05
PTGFRN,3.261664261478334e-05
PAQR6,3.2613180157204734e-05
VIPR1,3.2585583500019794e-05
GORAB,3.25747997692946e-05
SEMA3F,3.243966307349014e-05
GPR89B,3.22680838084802e-05
ZNF595,3.2244076905092685e-05
PASK,3.2189848751679866e-05
RP11-1223D19.1,3.218921129889317e-05
NR1I2,3.217938389844803e-05
RP11-486G15.2,3.211530076432073e-05
DGKG,3.208907644762777e-05
GPD2,3.204993036134826e-05
TRNP1,3.201481881568341e-05
RP5-1065J22.8,3.1957611831467914e-05
LRRC2,3.187779642174658e-05
MSH6,3.187194407881894e-05
OLFML3,3.185497417455571e-05
RP11-415F23.2,3.1846887535918965e-05
ZMYM1,3.183453629631121e-05
MFSD6,3.178551489006319e-05
SCFD2,3.167471788214787e-05
LINC01355,3.164676809264136e-05
CNNM4,3.1615794750192395e-05
FCRL2,3.148601868416894e-05
RP11-95D17.1,3.146146793348079e-05
ZEB2-AS1,3.1457399763253656e-05
MBOAT2,3.1446945064331084e-05
PAQR9,3.137483513636376e-05
NCAPG,3.13448061871671e-05
POLR1B,3.132871634565458e-05
RP11-42O15.3,3.1307223365365785e-05
LINC00877,3.119387145898662e-05
TMEM206,3.118837167619805e-05
SEMA6C,3.1134853793441326e-05
PHF13,3.097428522183056e-05
TLR1,3.094305772638014e-05
BRPF1,3.090896266531122e-05
ZBTB49,3.087358413909934e-05
MLPH,3.08720211875597e-05
IFNLR1,3.082371648362997e-05
ACY1,3.0800683282820416e-05
THRB,3.0759140522001995e-05
FAM84A,3.069777224708682e-05
AC079305.10,3.0617415410514454e-05
SLC30A10,3.049776072417101e-05
POLR1A,3.0455063066914344e-05
MFSD7,3.0421809220437098e-05
ZNF691,3.028960282113753e-05
LINC00115,3.0277235220468877e-05
RMDN2,3.0252497172313055e-05
SLC19A2,3.022201613638485e-05
C2orf40,3.021645023895467e-05
RSAD2,3.0199951280950994e-05
MAL,3.0189699636961242e-05
WDR35,3.0183558402173478e-05
AC079767.4,3.0155283296495504e-05
BCYRN1,3.012364872940469e-05
NBPF20,3.0107244603580817e-05
SLC35G2,3.0064162489624063e-05
TCHH,3.0044491646722756e-05
ADAMTS4,3.0007281841594617e-05
TIGD2,2.9970652206120565e-05
NEMP2,2.992959994339379e-05
NEK11,2.988515208269674e-05
UBA6-AS1,2.9868598105672346e-05
SNX7,2.9846359599383655e-05
AC104699.1,2.9840882658736854e-05
MARS2,2.9838970978584657e-05
NCKAP5,2.983708269557982e-05
HRH1,2.9733151100346202e-05
ZNF514,2.9670951036953547e-05
RP11-443B7.1,2.955679915075857e-05
ZBTB40,2.9532761452941236e-05
RP11-14N7.2,2.95114910476297e-05
SERPINE2,2.950851414385145e-05
GPR157,2.9501096321864673e-05
ZBTB48,2.9496288086336633e-05
FAM41C,2.9387416907865044e-05
PFKFB2,2.93438885123992e-05
ZNF621,2.9320453394966042e-05
AHDC1,2.925737958237599e-05
MUC20,2.922797715747661e-05
EAF1-AS1,2.912765916003113e-05
PGAP1,2.9052991731829555e-05
E2F6,2.9036817023376066e-05
PDCD1,2.903407574320302e-05
IGKV1-39,2.8991321539290443e-05
DGKQ,2.8987758048640137e-05
NLRC4,2.895696191769807e-05
CDK18,2.8942006452482627e-05
PIP5K1A,2.891441159082143e-05
ALPK1,2.8908848530431403e-05
IL23R,2.8823122999957704e-05
SYT11,2.8774818622668265e-05
TUFT1,2.8693644315946982e-05
C2orf42,2.8597909332218062e-05
ARSJ,2.8533474632966013e-05
REEP1,2.847661162410863e-05
ADCY3,2.8467558477607378e-05
CHI3L2,2.8463665298195206e-05
STPG1,2.845934186126492e-05
RP11-708J19.1,2.8444514448754972e-05
CAMKMT,2.840714674612828e-05
PACRGL,2.835498233584378e-05
HIST2H2AB,2.8353249719945414e-05
HES6,2.8347192559389825e-05
RP11-127B20.3,2.823334716931188e-05
RFC4,2.8221367147104368e-05
RP11-373D23.3,2.8137919200234468e-05
CHRM3-AS2,2.8099669810022683e-05
INTS7,2.809884698390776e-05
OSTN-AS1,2.8097188808591102e-05
ARHGEF19,2.8036833082660898e-05
CNIH3,2.803112951231094e-05
EFNA4,2.8019436630547955e-05
DLGAP3,2.796841937766241e-05
AC062017.1,2.7956440193675488e-05
RTP4,2.782702504361444e-05
ZNF684,2.7802925466312132e-05
IL1RL1,2.7800173328630218e-05
WDR5B,2.77708546550959e-05
POC1A,2.7703666459488598e-05
ZNF518B,2.7688335681174318e-05
RP11-344P13.4,2.764525695729965e-05
SPSB1,2.760600257004877e-05
PVRL3,2.75998646114455e-05
PRUNE,2.7596317082591908e-05
TET3,2.7498747890064437e-05
ZNF197,2.7476384341847982e-05
ANKRD36B,2.7397897313527703e-05
ACOX3,2.739470178041137e-05
SLC4A4,2.728974508519675e-05
FAM131A,2.7260514677775262e-05
AP1S3,2.725037008577158e-05
TNFRSF9,2.7211957793604086e-05
ICA1L,2.7193276379705657e-05
FCRL3,2.7172424823585635e-05
CDCA7,2.7167686562303634e-05
RP11-299J3.8,2.714920829911716e-05
SLC9A1,2.7108425379512954e-05
WDR78,2.7029797174905583e-05
MOB3C,2.701232236412856e-05
LGALSL,2.7003449352003837e-05
MTMR11,2.6976924189979486e-05
TRIM59,2.6949293940234277e-05
TAMM41,2.6801284633940905e-05
RNU11,2.6797679366632013e-05
KLHDC9,2.6794102703639604e-05
NES,2.678723366597541e-05
ADD2,2.6670174791688624e-05
CCSAP,2.6644138414177554e-05
PLCL1,2.663637394179808e-05
CXCL6,2.6567133604264077e-05
LINC01127,2.653603906996579e-05
ROBO1,2.6402207940361973e-05
AK5,2.637310833746854e-05
GRAMD1C,2.6290779482189214e-05
CTBP1-AS2,2.6284708519134433e-05
RP5-1092A3.4,2.6237420377166284e-05
ZNF687,2.6187375644064928e-05
PDE6B,2.6184954464380533e-05
PSRC1,2.6170352809084e-05
TMEM79,2.616534429034065e-05
DEPDC1,2.6134071306760116e-05
MLF1,2.6095043815176134e-05
WDR19,2.609329388931457e-05
C1orf74,2.6089828827650013e-05
AC253572.1,2.6032180992756506e-05
HK2,2.5979793335466432e-05
FCRLA,2.5783944372375947e-05
CACNA2D3,2.5764118151932153e-05
PAX8,2.5756689133622544e-05
FABP3,2.575084574291928e-05
NOP14-AS1,2.5688423494657665e-05
ACADL,2.5636660661834196e-05
XYLB,2.5607289298035025e-05
VILL,2.556636024933813e-05
FAM231D,2.5558815509827367e-05
AC079807.2,2.5422170152822748e-05
AC009948.5,2.5420334846450318e-05
ANKRD35,2.5395227527059703e-05
TRPM8,2.5356813943722954e-05
LAD1,2.531798963450283e-05
AGTR1,2.530946092648126e-05
KCNT2,2.5304767603191967e-05
TTC22,2.525092435695069e-05
TLR10,2.5233029985821755e-05
RP5-832C2.5,2.5206228857305254e-05
RP4-639F20.1,2.5131850760579715e-05
WBP1,2.509583885713778e-05
MRAS,2.5047336043009113e-05
B3GNT5,2.5037945735104194e-05
PKI55,2.5021508585663868e-05
ADAMTS9,2.4943702085586003e-05
NCDN,2.4934569881373203e-05
IGKV2D-29,2.4929626091189995e-05
IDUA,2.4850223668668033e-05
CCDC191,2.4847663670751244e-05
RP11-469A15.2,2.473382950805498e-05
SLAMF8,2.472505718603971e-05
KCNJ10,2.458618283288117e-05
CREB3L4,2.4495224137934665e-05
IQCG,2.4488098897411355e-05
PROK2,2.4479803246836802e-05
ZNF496,2.442384252601914e-05
RP11-685F15.1,2.4416434783547823e-05
RP11-141B14.1,2.4410791703432686e-05
PLXNA1,2.4398156256967366e-05
PIGV,2.4383843779792165e-05
SSX2IP,2.430166131457284e-05
C1orf216,2.429485617358281e-05
SERTAD4-AS1,2.4284622524320186e-05
DCLRE1B,2.4267412613238573e-05
TTC21A,2.4147483477106445e-05
TTN,2.4142890824790602e-05
RFTN2,2.411999871071344e-05
MUC1,2.405097683255788e-05
ANKAR,2.4003086616388517e-05
SWT1,2.399482383805242e-05
RP1-39G22.7,2.3958507613987492e-05
TADA1,2.3952025041801752e-05
OTUD3,2.3896123805550877e-05
MON1A,2.3885205531703333e-05
SIPA1L2,2.3859436931742702e-05
SCN9A,2.3836975324531645e-05
ZNF2,2.380556319874072e-05
TP73-AS1,2.3785827591003357e-05
USP21,2.3744625203804853e-05
C3orf14,2.3707328597754162e-05
RAB25,2.3701195936052602e-05
SPATA6,2.3688689796107147e-05
CASP9,2.3687881543137247e-05
EPHA4,2.366763265845865e-05
USP19,2.361417634731131e-05
LBX2-AS1,2.3536224237842175e-05
LBX2,2.3532320588988063e-05
C1orf168,2.3450677867405332e-05
MEIS1,2.3439926025812347e-05
LINC01473,2.3393944393467594e-05
PAQR9-AS1,2.3334122775847686e-05
P2RY1,2.3270531294273075e-05
WDR47,2.326570535227666e-05
MBNL1-AS1,2.3207760865064973e-05
FAM150B,2.315875871768301e-05
SOD3,2.312131250861054e-05
PLEKHA6,2.311925592308232e-05
ULK4,2.311919221834735e-05
GTF2E1,2.3045121458726185e-05
GRK4,2.30063742938397e-05
PFN2,2.2951487183514472e-05
DNAH14,2.288166937451456e-05
NMNAT1,2.2875627938823477e-05
CNR2,2.2855052449987998e-05
SNED1,2.277995679403963e-05
ADPRH,2.270065231731574e-05
ST3GAL3,2.263680396069845e-05
TIGD1,2.2583887341175998e-05
SLC16A4,2.257102798276809e-05
ASTN1,2.2555869618603124e-05
MAGI3,2.255200353994406e-05
ANGPTL1,2.252268165314111e-05
STK36,2.2483753543029805e-05
CNGA1,2.2394689514320117e-05
RP11-108M9.6,2.2341808915205715e-05
MORN1,2.2269905988784055e-05
DARS2,2.2266468730284197e-05
NGEF,2.22354691609627e-05
PKLR,2.222311744398377e-05
CTBP1-AS,2.21819260200189e-05
HIST2H2BF,2.2127590947416462e-05
CEP70,2.2062631035102654e-05
ARL13B,2.205344622623962e-05
ALS2CL,2.2045084087404035e-05
AC093818.1,2.200121803203785e-05
TXNRD3,2.198543396193116e-05
RP4-665J23.1,2.1972310188964194e-05
EPHB2,2.1970917533397873e-05
ZGRF1,2.1917131366483257e-05
BCL9,2.1825246275175233e-05
GPSM2,2.1822145983573807e-05
FLVCR1-AS1,2.1792348716028605e-05
EDARADD,2.169751600828655e-05
CRIPAK,2.168514515154812e-05
GRHL1,2.1639680315798824e-05
NSG1,2.1580660913850137e-05
RAP1GAP,2.1575237242013055e-05
ARF4-AS1,2.14793919012961e-05
IGSF21,2.140135184854391e-05
OSCP1,2.13886032502795e-05
SULT1C4,2.134624362272365e-05
BCL11A,2.1329701990251883e-05
AGBL5,2.125710550358454e-05
PDE11A,2.1231421779355532e-05
HPGDS,2.1226778718723537e-05
RP4-798A10.2,2.1212775826660412e-05
DCAF17,2.120993955060224e-05
MCM2,2.1154144809894295e-05
RAB11FIP5,2.1111156541931478e-05
WDR53,2.1035691999237136e-05
RP11-196G18.23,2.097108165132572e-05
RP11-244H3.4,2.095593788230304e-05
AMIGO1,2.095103966439478e-05
RP11-307C12.13,2.0918656586032633e-05
MMACHC,2.091589716778873e-05
ELAVL4,2.0862889220361638e-05
POMGNT2,2.0836868378544485e-05
RP11-67L2.2,2.0824564425494945e-05
TTLL4,2.081432828987858e-05
TRAIP,2.0779351025957913e-05
EFCAB7,2.077671693076979e-05
LMCD1,2.074966153452503e-05
KBTBD8,2.0739090420342118e-05
PAQR7,2.0737643358225382e-05
CDC14A,2.064353937169395e-05
PRELP,2.0636943581774605e-05
SRD5A2,2.062737458348358e-05
CDC7,2.0537192548922065e-05
ITPRIPL1,2.0526533983351768e-05
LINC01126,2.0526137912664415e-05
RP11-403I13.7,2.0480643324008997e-05
PPBP,2.045715249528423e-05
IFT172,2.043216802590605e-05
DPH2,2.040280223334783e-05
KCND3,2.0370636983226263e-05
SULT1C2,2.0232070366593905e-05
GEN1,2.0221471602083586e-05
USP46,2.0175595758914534e-05
SH3BP5-AS1,2.015260385650688e-05
XDH,2.014533361415953e-05
UBXN10-AS1,2.014411328693224e-05
MFSD9,2.0122956322532613e-05
CCDC158,2.010924569683036e-05
AC016700.5,2.0038889856106404e-05
DYRK3,2.0032547127952858e-05
SLC6A1,1.999346102607117e-05
NBPF10,1.998228393277036e-05
RP11-474G23.3,1.9955142751673537e-05
CC2D2A,1.99088484588573e-05
BTBD19,1.9884289129180993e-05
LINC00342,1.9842529954464634e-05
CCDC138,1.9822874583585445e-05
LTBP1,1.980070740071182e-05
AMY2B,1.977040487244671e-05
ANKRD65,1.9710407326097445e-05
TMEM185B,1.9708816232989288e-05
RP11-109G23.3,1.9660825101703597e-05
MB21D2,1.9585424317888493e-05
KLHL23,1.9522808425394584e-05
SCARNA2,1.9481993504521922e-05
NIPAL1,1.946754739063476e-05
DIRAS3,1.9458935735834242e-05
AC096772.6,1.942409329624796e-05
CYB5RL,1.9380844781063104e-05
PRRT3,1.9358578196969158e-05
DENND2C,1.9337964677215118e-05
CCSER1,1.9263639837997958e-05
KIAA1841,1.920352306721187e-05
MYCL,1.9200911211094754e-05
WDPCP,1.9151450089348797e-05
RP11-440L14.4,1.9135457757925057e-05
LINC00960,1.9116361746359614e-05
HYAL3,1.9109832536827973e-05
SOX13,1.905710983229929e-05
ABI3BP,1.8983973413529687e-05
NOTCH2NL,1.8983322922443327e-05
TNFRSF4,1.8976127108122546e-05
CNKSR1,1.89681608505378e-05
TRAF3IP1,1.8966565433729614e-05
IL17RB,1.892170859372839e-05
ITLN2,1.892091501986016e-05
PPP2R3A,1.8880345531503646e-05
FAM212B,1.8838518939289728e-05
ANXA9,1.880214383544102e-05
IGKV1-9,1.8790728680170895e-05
TCEANC2,1.8779817324697787e-05
AC012358.8,1.876204806976304e-05
AC009501.4,1.868725015914788e-05
PHF7,1.868309646151871e-05
MEGF6,1.868273630836035e-05
ASAP3,1.864091383200753e-05
PGBD5,1.8606636992912527e-05
AC010883.5,1.8594927675436772e-05
SCLY,1.854115253236583e-05
RP11-245J9.4,1.8511792545445924e-05
SUCLG2-AS1,1.8498370555650876e-05
ALMS1,1.849244254471114e-05
ZNF501,1.8481784053578472e-05
PDIK1L,1.8479249093474644e-05
C2orf48,1.8477793371116175e-05
PHLDA3,1.8341309124645263e-05
BHLHE40-AS1,1.833299708312586e-05
RN7SL832P,1.821895278783843e-05
PLB1,1.8216184516489747e-05
DENND6A-AS1,1.8172805186594247e-05
CCDC85A,1.8067303199805105e-05
ZNF717,1.798576068098966e-05
FMOD,1.792446926005258e-05
FAM72A,1.7886958611967107e-05
SLC5A9,1.7805359223004444e-05
AC013264.2,1.7785051046407e-05
RASSF1-AS1,1.7697348033071814e-05
FRRS1,1.7680228147059042e-05
NFYC-AS1,1.7663077480967294e-05
RP1-187B23.1,1.7596123588187334e-05
PIGZ,1.7552371419660348e-05
KCNK12,1.750910810217951e-05
MFSD2B,1.750717558853929e-05
RNF207,1.749576981132947e-05
RP11-70P17.1,1.747256789887729e-05
ZNF697,1.7471905778221205e-05
RP11-305K5.1,1.7450510038185515e-05
FHL2,1.743180185185508e-05
HIST2H2AA4,1.73154305919519e-05
SERPINI1,1.7284513576279803e-05
C1orf198,1.7277479431265386e-05
KIF2C,1.7265222239584457e-05
IGKV1-17,1.725269036900894e-05
PRICKLE2,1.724796438995556e-05
U91324.1,1.7224031138982207e-05
RP11-434H6.7,1.7215033460494975e-05
FBXO41,1.720967020718477e-05
FAM151A,1.7202901216277636e-05
CEP85,1.7201266812661852e-05
RP11-293A21.1,1.7178845612794055e-05
AC092669.3,1.7161412497152745e-05
RP11-378J18.8,1.714461952556471e-05
NOS1AP,1.7132562859398112e-05
IGKV2D-28,1.7063172480616028e-05
AC009506.1,1.6933939764999477e-05
ASH1L-AS1,1.692958925901166e-05
LYPD6B,1.692920878876702e-05
RP4-612B15.3,1.691579859928887e-05
PPAT,1.688566621194295e-05
TTLL7,1.6842211181702563e-05
GREB1,1.6840481428959328e-05
SLC2A9,1.682842192752991e-05
U73166.2,1.6813110776686536e-05
ERMN,1.666579712629294e-05
C3orf80,1.6647632072760375e-05
TCEB3-AS1,1.6610793694753667e-05
RP11-355B11.2,1.6541590699657777e-05
ZRANB3,1.65225958911794e-05
PARS2,1.6502622755340557e-05
AC007405.6,1.64950350185337e-05
ZNF670,1.6467051532101513e-05
KAZN,1.645721473777656e-05
SLC45A1,1.6445217437600866e-05
SPINK2,1.6433908902014856e-05
IFFO2,1.642854154726553e-05
C1orf167,1.6427656600053147e-05
COL4A3,1.63153155417255e-05
ATAD3C,1.6297391050817064e-05
RP1-28O10.1,1.6273698704867684e-05
CAND2,1.6262590300833097e-05
TEC,1.6256095075269145e-05
HDAC11,1.624176206721235e-05
DNM3,1.6234669837063485e-05
ADAMTS9-AS2,1.621666663336059e-05
CADM3,1.62148332157722e-05
RP4-798A10.4,1.6185490760774272e-05
PIK3CD-AS2,1.6135254251360187e-05
CYP2J2,1.6101796543757206e-05
NBPF3,1.6097044337147403e-05
C1orf106,1.6092515572663082e-05
IL5RA,1.6083541135197417e-05
CCDC96,1.6073098015185734e-05
RP11-245G13.2,1.600494675695929e-05
RP11-206L10.9,1.5999942448778334e-05
SLC19A3,1.588707304528008e-05
AZIN2,1.586668795989891e-05
PCOLCE2,1.583129926345428e-05
TMEM56-RWDD3,1.5819326978854304e-05
VSNL1,1.5793784092788184e-05
RAVER2,1.5774048454575782e-05
DARS-AS1,1.577069226004144e-05
RP11-563N4.1,1.576054485248502e-05
AC104809.2,1.5676849985985432e-05
RP11-159G9.5,1.567066458563343e-05
PLA2G2D,1.5648972759764232e-05
OAZ3,1.5638683089657404e-05
RP11-539L10.2,1.562361923637584e-05
SLC9B1,1.5530449580213917e-05
LMLN,1.550772395351932e-05
GHRLOS,1.5436810112638247e-05
CEP19,1.5430437651567076e-05
RP11-422P24.12,1.541766800503316e-05
PXYLP1,1.540815045393696e-05
CCDC121,1.5406562252033016e-05
PADI4,1.5402127363807363e-05
PCDH7,1.5382924231403604e-05
ZNF141,1.5369278848432468e-05
TRIT1,1.5355684257898516e-05
EML6,1.5353561250677495e-05
KIF17,1.5339326118630276e-05
RP11-731C17.2,1.5338690226095224e-05
NPHP1,1.5338362606665903e-05
CCDC150,1.5331858423883835e-05
NEK2,1.5328373166336007e-05
DAB1,1.5316872925522885e-05
MAP10,1.531650213659679e-05
ACAD11,1.5306775520587888e-05
IGFBP5,1.5294801450995917e-05
ZDBF2,1.5287419232626216e-05
TRABD2B,1.5273078959405177e-05
IGKV1-27,1.5264711910027638e-05
EXO5,1.519243303876328e-05
ZSWIM5,1.5169429345024426e-05
BFSP2,1.511209895292129e-05
DISP1,1.5099130129093367e-05
SETMAR,1.5013889564216849e-05
BTLA,1.5012811551871907e-05
RASSF6,1.501136233605778e-05
THBS3,1.4979600253839724e-05
PTX3,1.4894367999434274e-05
MAST2,1.485317113982359e-05
MTRNR2L11,1.484361074759997e-05
AC010894.3,1.4837852251074895e-05
SELE,1.4800148495678364e-05
ZNF620,1.4791287296448133e-05
CFAP44,1.4783406508928574e-05
COA7,1.4781822007745508e-05
TESK2,1.4763008661014462e-05
GPR161,1.471312439010334e-05
DTHD1,1.4705524867340233e-05
FAM13A-AS1,1.4701251213243398e-05
ENO1-AS1,1.4693481834808145e-05
C4orf19,1.4687431368549572e-05
MED18,1.4659301781104578e-05
IGSF9,1.4623214878364934e-05
RP11-98G7.1,1.4593055577092046e-05
ZNF385B,1.4571651760883871e-05
CLCN2,1.4552047329941746e-05
MCOLN2,1.453707309501464e-05
DIRC2,1.451411556574341e-05
PPP1R1C,1.4503401550478847e-05
OBSCN,1.4493135078164474e-05
IQCC,1.4467061310593505e-05
ZMYND12,1.4431907744455755e-05
FPGT,1.4420592224983013e-05
PTPRU,1.434122137721284e-05
MALL,1.4300852597139638e-05
H1FX-AS1,1.4296661610942495e-05
CNTN3,1.4277415716902889e-05
ZNF502,1.4276699523836178e-05
COL4A4,1.4267636865887962e-05
RP11-285F7.2,1.4218250795409656e-05
FBXL2,1.4216526975065556e-05
LINC01133,1.420314830340705e-05
UPK1B,1.4152058371172636e-05
TMEM237,1.4123214529690746e-05
SLC1A7,1.4047703391264331e-05
AC108488.4,1.4045919752879332e-05
TMEM169,1.401256934408895e-05
KCNMB3,1.3983443369491687e-05
SLC2A5,1.3976352756802487e-05
AC007386.4,1.395320292798474e-05
CASZ1,1.389349687050859e-05
LNX1,1.3848205444245771e-05
LINC01136,1.3825595519074545e-05
PODXL2,1.3727830853300083e-05
B3GALNT1,1.3718874241767337e-05
C3orf70,1.3702199208602915e-05
RP11-126K1.2,1.3658688277266014e-05
KIAA2012,1.3647700219995151e-05
TRIM62,1.364265187727079e-05
NKIRAS1,1.3609713488602538e-05
SLC15A2,1.3586534267112615e-05
AC011747.4,1.3583503071625753e-05
CPLX1,1.3566687296399206e-05
KCNS3,1.354063473807953e-05
KIAA1522,1.3536187468613338e-05
CDS1,1.3510562941012285e-05
RP11-320M2.1,1.3483432888066499e-05
PLA2R1,1.3468116341646244e-05
AQP10,1.3421455477669601e-05
TRABD2A,1.3363714319958822e-05
PRDM16,1.3322963751750644e-05
RP5-968D22.3,1.3299919565714083e-05
SEMA3B-AS1,1.329458386247162e-05
PKDCC,1.3290645455941936e-05
ANO7,1.3284791944717036e-05
LINC01348,1.3276937331055234e-05
TMEM81,1.3269343666441272e-05
FAM110C,1.3205336392148593e-05
LINC00886,1.317437308692982e-05
STON1,1.3153453660899885e-05
RP4-657D16.3,1.3151179819563682e-05
NMNAT3,1.3074571310629819e-05
CASR,1.3055342230000855e-05
ABCG8,1.3027015400530634e-05
RAB7B,1.297009073024341e-05
RP11-345P4.10,1.2912731641429097e-05
LRP8,1.289312471020878e-05
EXO1,1.2837662523142316e-05
AFAP1,1.2790909256305191e-05
RP11-563D10.1,1.2777568878933337e-05
FAM161A,1.2771400863354892e-05
FAM124B,1.2689882934266634e-05
RUSC1-AS1,1.2638797784063017e-05
TTC4,1.2613189050989011e-05
MEX3A,1.260046042338655e-05
SLC35E2,1.2593386664936602e-05
ZNF660,1.2578437126260912e-05
HCN3,1.2558732395235995e-05
TAF1A,1.2516287695484635e-05
ACPP,1.2483705819660658e-05
AC133528.2,1.2481449621383524e-05
SLC12A8,1.2470826187019593e-05
DHRS9,1.2465117233219868e-05
MFSD4,1.2458095029141984e-05
RP11-422P24.11,1.2456861164599992e-05
AC006369.2,1.2419176379152189e-05
SLC45A3,1.2407238495935845e-05
FAM72C,1.2384435711580394e-05
ZKSCAN7,1.2373179340946384e-05
CLNK,1.2369036988925928e-05
LIN9,1.2340097724604574e-05
MXRA8,1.233366876971318e-05
RP11-97C16.1,1.2324714012603433e-05
LINC00954,1.2308637437117126e-05
AGAP1,1.2305968734071588e-05
SPEG,1.2302081209600144e-05
RP11-480C16.1,1.227789946415499e-05
TCTEX1D1,1.2274768912941191e-05
RP11-91G21.1,1.226925983318811e-05
CTSK,1.2225354316355558e-05
ACOT11,1.2219645235759151e-05
AC009961.3,1.2218717938291295e-05
PSMD6-AS2,1.2193764679401495e-05
SV2A,1.2189732231733407e-05
STAP1,1.2173473080619148e-05
TGFA,1.2115159790605818e-05
AC069513.4,1.2070786794914895e-05
AC093382.1,1.2064437769670439e-05
ZFYVE9,1.2058468207111156e-05
TFCP2L1,1.2054742574027237e-05
TMEM158,1.2024514682588275e-05
RP11-504A18.1,1.1990939203117114e-05
AC004067.5,1.1961841146932466e-05
CYB561D1,1.1940569021778587e-05
SEMA4F,1.1896770126498747e-05
AC046143.3,1.188425565378532e-05
POPDC2,1.1828047117108452e-05
C2CD4D,1.1823506395466696e-05
COL5A2,1.1770248560808652e-05
RP11-10L12.4,1.1767743229801984e-05
TM4SF1-AS1,1.1744323658169284e-05
DPT,1.1738524107881752e-05
DPPA4,1.1737668554010754e-05
FAM132A,1.1735869291977421e-05
RP11-301O19.1,1.1718918421127556e-05
LINC00694,1.1710018489358446e-05
C2orf15,1.1685160535764346e-05
RP11-127B20.2,1.1650669464255506e-05
RP11-89F3.2,1.1566380751448229e-05
FGF12,1.1555453497793383e-05
KDF1,1.15467210407476e-05
CCL20,1.1538857113189905e-05
ZMYND10,1.1526208552227904e-05
C1orf101,1.1511664962292273e-05
THPO,1.1508558360673038e-05
CDCP1,1.149008652603739e-05
CD200,1.1454721000462519e-05
RP11-573D15.8,1.1416097690242848e-05
RP11-156E8.1,1.140828584228218e-05
DTL,1.1360772535727163e-05
RP11-117D22.2,1.135483173279301e-05
SCNN1D,1.130302283336874e-05
IRAK2,1.1283302456279169e-05
RP11-299H21.1,1.1275418901951473e-05
MPZ,1.126892254611495e-05
PTH1R,1.1254093229607385e-05
RP11-3P17.4,1.1238045344928624e-05
ANKRD23,1.1237778273093543e-05
LRRC34,1.1235962480388309e-05
RP11-803D5.4,1.1205740071259284e-05
KCNK1,1.1201728561007563e-05
RP11-1191J2.5,1.1195238358078877e-05
TNFAIP6,1.1156107386440865e-05
AC007879.2,1.1091383070304589e-05
RP5-864K19.4,1.106896861667023e-05
RP11-134G8.5,1.1040926466598488e-05
FCER1A,1.103743656211058e-05
SLC26A1,1.0998081912183303e-05
RP11-440D17.3,1.0978619967898014e-05
RP11-569A11.1,1.0942588777678353e-05
CRYGS,1.090111154109295e-05
RP11-884K10.7,1.0860392903125903e-05
SAMD11,1.0838113379118845e-05
C1orf159,1.0804831232171738e-05
NTNG1,1.0796500727694757e-05
RP5-1198O20.4,1.0784459129490683e-05
GPR88,1.0738558202132626e-05
RP11-77P16.4,1.0721376693906456e-05
HESX1,1.0632645696035384e-05
RP11-344P13.6,1.0618615631269008e-05
TBX19,1.0583153402718593e-05
RP11-552D4.1,1.057566995573364e-05
KCNAB1,1.0566995510523678e-05
OXCT2,1.0549838962371629e-05
TDRKH,1.054830136576053e-05
TMEM182,1.0530307622434413e-05
PLA2G5,1.0507240527410627e-05
EPHB1,1.0491934373680802e-05
SLC23A3,1.044864279303435e-05
RNU6ATAC35P,1.0385444132400808e-05
KIF3C,1.0382277901452415e-05
KCNH7,1.0366520369440269e-05
RP11-434H6.6,1.0339829513480205e-05
TGFB2,1.032312254977205e-05
TSPAN2,1.0315172952700962e-05
SMPDL3B,1.0266512414926377e-05
LIPH,1.0254913941452883e-05
CYS1,1.024420295250777e-05
DFFB,1.023904754880051e-05
ZNF662,1.0238083850585959e-05
RP11-774O3.3,1.0233460322991222e-05
FAM229A,1.0132529915597409e-05
OXER1,1.0111701093846498e-05
RP11-798L4.1,1.009494114750363e-05
BOC,1.0076446595948017e-05
RP11-379K17.12,1.0038115682086055e-05
BNIPL,1.0033414215550579e-05
IQGAP3,1.0025853855574563e-05
C2orf54,1.0017168492585399e-05
FTCDNL1,1.0001843569843655e-05
ZNF852,9.991245524371677e-06
SSUH2,9.982389757141338e-06
UGT8,9.96785308618792e-06
USH2A,9.96666477004983e-06
HIST3H2BB,9.959555313159897e-06
RP3-395M20.9,9.934065793299186e-06
URB2,9.92056148036798e-06
C1orf233,9.913160263739352e-06
FAM198A,9.89870989833311e-06
CFAP221,9.889514149368106e-06
CDC25A,9.8703272729708e-06
TNFRSF8,9.831986708663302e-06
AC142528.1,9.785540320221164e-06
ARHGEF11,9.784585969171344e-06
SCAANT1,9.780443435870611e-06
LEXM,9.758303898032719e-06
RGPD2,9.734544295344243e-06
RP11-367J11.3,9.733393461470497e-06
RP11-61J19.5,9.730547851050516e-06
AC006994.2,9.725119818433874e-06
LOXL3,9.704013247119422e-06
NUDT17,9.694847799386398e-06
TSPAN1,9.693173015182966e-06
RP11-181E10.3,9.656572909216587e-06
FOXD2,9.655777397098585e-06
S100A1,9.64711770603704e-06
TDRD15,9.633887404313107e-06
PARP3,9.584090240664823e-06
RP3-522D1.1,9.572615622327056e-06
RP11-404F10.2,9.57130429662176e-06
RP4-773N10.4,9.537588857003688e-06
RP11-378A13.2,9.514446821230907e-06
CCDC74A,9.511775421929917e-06
C2orf50,9.490497571925957e-06
RTCA-AS1,9.489494596189483e-06
RP11-466F5.8,9.439691459092588e-06
NBPF26,9.437364796502914e-06
PLEKHG5,9.429367837990247e-06
CCDC39,9.402289183050552e-06
RP5-1074L1.1,9.39284225748746e-06
MANEAL,9.3881096045492e-06
SH3D21,9.387661719818253e-06
BMPR1B,9.341361636506833e-06
TIMP4,9.320407288562384e-06
COL9A2,9.314685455472069e-06
TCF23,9.30618192992675e-06
NAALADL2,9.302199538717482e-06
EVC2,9.284176107465675e-06
KLHL17,9.274696352641956e-06
PRRT3-AS1,9.259803572396443e-06
RTP5,9.256074962356578e-06
SCHIP1,9.246445567386261e-06
FAM47E,9.221860325524934e-06
TMCC1-AS1,9.199298187077641e-06
UCHL1,9.186157254152037e-06
TSSK3,9.176262609948373e-06
ZBTB11-AS1,9.17520556639944e-06
ADGRG7,9.145642572955328e-06
TAF1A-AS1,9.115712642612578e-06
SLC2A1-AS1,9.087022692758677e-06
TRMT44,9.072331733197736e-06
RP4-803J11.2,9.062347034363793e-06
LINC00982,9.054725917452534e-06
AC007383.3,9.05383948318825e-06
TNFSF4,9.03526237880826e-06
KIAA1107,9.004276232596315e-06
RP11-379F4.6,8.91787554663097e-06
ZNF683,8.896273527704795e-06
PF4,8.896220574342063e-06
KIRREL,8.894442253110915e-06
TTC30B,8.892468344034914e-06
SFN,8.883054891511585e-06
MEIS1-AS2,8.879081197632667e-06
RP11-24F11.2,8.840287184829142e-06
FAM43B,8.833435358459147e-06
LINC01320,8.811956803302572e-06
ZYG11A,8.810379544178477e-06
SLC3A1,8.804497438760832e-06
RP11-195C7.1,8.797538813313344e-06
GPAT2,8.792219904588108e-06
AC104667.3,8.767172163182207e-06
LINC01125,8.72780511674239e-06
ZNF385D,8.684283094100217e-06
TRIM45,8.652779764406334e-06
PLA2G4A,8.643375489209046e-06
P3H2-AS1,8.642873357859515e-06
HES2,8.614108383150994e-06
MARK1,8.580085316082543e-06
DRAXIN,8.576707258256317e-06
TMEM125,8.576255944606562e-06
ZNF718,8.563922589127259e-06
AC067959.1,8.503710408511829e-06
CYP4X1,8.495712748261762e-06
ZBTB20-AS2,8.490183211402689e-06
HEYL,8.475028772412634e-06
PHOSPHO2,8.461853833767458e-06
RP11-572B2.1,8.455824021936997e-06
AC093642.3,8.44724418543157e-06
RP5-1024G6.7,8.43229656615934e-06
PM20D1,8.4185289259229e-06
C1orf112,8.405976797461587e-06
SATB2,8.405707550842159e-06
TTC30A,8.398179634307409e-06
AC007365.3,8.376701692106186e-06
RP11-404O13.5,8.356183564311784e-06
RP11-647K16.1,8.352676311632949e-06
PINK1-AS,8.330272473212677e-06
TMEM44-AS1,8.304004231533837e-06
FAM53A,8.288514915844732e-06
DGUOK-AS1,8.275448330525405e-06
TMEM178A,8.211989387251963e-06
LINC01215,8.203310355057723e-06
RP11-483I13.5,8.198047314368042e-06
NFASC,8.18813495605209e-06
RP11-319G6.1,8.179353573523069e-06
GDF7,8.16350952932711e-06
ARHGEF16,8.151915856057745e-06
RP11-656D10.3,8.147867760994646e-06
AC091633.3,8.132759328127983e-06
AC026202.3,8.117971578004012e-06
RP5-1157M23.2,8.117231556202446e-06
LINC01063,8.110713558846542e-06
B3GALT2,8.075404427799631e-06
RP11-556N4.1,8.071409718710542e-06
CCDC141,8.069226985317137e-06
CCDC30,8.056691893824962e-06
CROCC2,8.047368949883134e-06
HIST2H4B,8.039653201074205e-06
RP11-263K19.4,8.012979285026931e-06
FAM72B,8.000003975215876e-06
ZBTB47,7.951429932567951e-06
RP11-802O23.3,7.936303358583718e-06
RP11-285J16.1,7.935785963712527e-06
RP4-597N16.4,7.918217002466595e-06
RP11-73M7.6,7.912064914990223e-06
AC097724.3,7.872565779917195e-06
MYT1L,7.870118369198255e-06
AC009950.2,7.818443114677487e-06
CACNB4,7.803523176258653e-06
PTGFR,7.796548621718031e-06
AC092155.4,7.781957361239572e-06
PCAT6,7.773405913302789e-06
OSBPL6,7.761256464109641e-06
RBM44,7.755744568344875e-06
ZNF80,7.754573171809528e-06
MATN1,7.743176635488859e-06
CXCL10,7.703458978000343e-06
RP11-214N9.1,7.69844156719359e-06
RGS7,7.65983861979562e-06
RP11-527J8.1,7.645403532867863e-06
AL365181.2,7.640842985577152e-06
USF1,7.625062661404576e-06
LYPD1,7.6155155179720275e-06
C3orf33,7.614683936562496e-06
ZCCHC4,7.571408084631313e-06
CXCR2,7.560168710661494e-06
SLC44A3,7.536665807106552e-06
AC009299.3,7.517762762868515e-06
DUSP19,7.515906953019526e-06
CENPO,7.513660922571549e-06
RP11-689K5.3,7.5064081259722705e-06
GCC2-AS1,7.504785589989547e-06
IGKV1D-39,7.4864307378113085e-06
RP11-495P10.1,7.476159064309305e-06
RP11-33O4.1,7.4755969805309005e-06
RP11-544D21.2,7.437296679901429e-06
NPHP4,7.435790945348831e-06
CR1L,7.4268375867426755e-06
RP11-622A1.2,7.418957618839009e-06
RP11-442N24__B.1,7.4152072355591915e-06
SH3RF3,7.414915234337243e-06
AC093609.1,7.414882318036679e-06
RP11-410E4.1,7.4146008536283355e-06
TMEM201,7.4076873711755055e-06
FAM171B,7.395054084851277e-06
AC018816.3,7.386567488950032e-06
RP11-380O24.1,7.384157996404437e-06
RP11-16N11.2,7.381463897929108e-06
RP4-798A10.7,7.368398651199061e-06
RP11-804H8.6,7.36016086848666e-06
THAP9,7.352982277803873e-06
RP11-342K6.1,7.351869634034429e-06
TEKT4,7.350091202851806e-06
PLEKHN1,7.31801017591309e-06
VSIG8,7.291729324428785e-06
RP11-573D15.2,7.286978188588653e-06
SLC16A14,7.267427141707002e-06
FAM177B,7.264746960610677e-06
RP11-816J6.3,7.263851796002444e-06
GPR37L1,7.221492997923796e-06
SMYD5,7.206096728437501e-06
SYPL2,7.202003056578712e-06
PROM1,7.187336288110924e-06
RP11-625I7.1,7.151603667736894e-06
AIM1L,7.146556039340256e-06
IL20RB,7.1356831926469165e-06
POLQ,7.115648394901918e-06
UTS2,7.111002319740399e-06
ATP6V1C2,7.102234429625951e-06
RIMKLA,7.097364398240242e-06
LINC01119,7.093708478770213e-06
TRPC1,7.040760755136557e-06
ACTRT3,7.029783578464101e-06
IGKV1D-8,7.019329677941492e-06
PQLC2L,7.0006017321499505e-06
RP11-696N14.1,6.994754824670144e-06
RP11-169K16.4,6.976366399993963e-06
SYNPO2,6.9657728539087604e-06
RP11-34P13.7,6.9611396818130004e-06
FAM3D,6.956881393791114e-06
SCN7A,6.923229998815339e-06
HLX-AS1,6.921724883594501e-06
RP11-550P17.5,6.900607258737174e-06
CXXC4,6.8997786565901195e-06
ITPKB-AS1,6.869685496527881e-06
POLN,6.860500682476518e-06
GNG12-AS1,6.849816762991232e-06
AC073283.4,6.848745085851837e-06
IMPG2,6.82521383423782e-06
C2orf81,6.812755679021787e-06
BTBD8,6.808438433206893e-06
CD1A,6.783509361633689e-06
SAMD7,6.774949284683121e-06
FCGR3B,6.736714015726123e-06
RP11-568N6.1,6.730430624317233e-06
CHST10,6.725241218615274e-06
LINGO4,6.670640480662419e-06
ACKR2,6.6589824611275826e-06
RSG1,6.647455533991465e-06
PRSS46,6.635835352507156e-06
TMEM247,6.622058277582028e-06
COLGALT2,6.608113181233768e-06
IGKV2-24,6.585260454205188e-06
RP11-191L17.1,6.574611938698416e-06
FBLN7,6.5620909638265404e-06
AC004069.2,6.554446154734788e-06
SLC38A11,6.537182042481282e-06
RP11-70C1.1,6.535723725437268e-06
CATIP,6.513799879840825e-06
IGKV2-26,6.507155298736445e-06
CFAP45,6.504787345916309e-06
AC017002.1,6.497707639492616e-06
RGPD5,6.484827056584411e-06
HTR2B,6.4822507392259264e-06
RP11-336K24.12,6.481458126692806e-06
ZNF619,6.474685299288286e-06
S100A2,6.47071337836139e-06
NEK10,6.451418640043606e-06
RP11-96L14.7,6.430396012041003e-06
RP4-789D17.5,6.421335158041529e-06
RP1-178F15.4,6.413204330589203e-06
AC020571.3,6.404394550758006e-06
RP11-488L18.8,6.380710520438365e-06
RP1-202O8.3,6.367415890750657e-06
LINC00853,6.321031651618556e-06
NSUN7,6.319806675778209e-06
SLC34A2,6.317223114758654e-06
RP11-431M7.3,6.315697228555108e-06
DCAF4L1,6.305685531200103e-06
KIF9-AS1,6.288349026047323e-06
RP11-573D15.9,6.26833190949216e-06
RP11-474I16.8,6.235439410428217e-06
LINC01135,6.226178141337829e-06
RP5-1180E21.4,6.211206424525263e-06
RP11-455J20.3,6.193512896797994e-06
LRRIQ3,6.1825647624923775e-06
SLC44A5,6.131772542090572e-06
AC019181.2,6.1240115470817e-06
OSGEPL1-AS1,6.1231168883086005e-06
RP5-1024G6.2,6.110730665676984e-06
RP11-197K3.1,6.070893211027821e-06
FLJ27354,6.056988671986572e-06
RP11-79O8.1,6.055845782951318e-06
TRAPPC12-AS1,6.043006260883273e-06
RP11-259K5.2,6.031249235689839e-06
RP11-85G21.3,5.986506291080933e-06
C1orf61,5.972001945770552e-06
NEB,5.936800263939613e-06
TP73,5.924575350785371e-06
RAB43,5.898384857551318e-06
REG1A,5.897128438152605e-06
RP11-46J23.1,5.883479552839232e-06
C2orf44,5.855068781259879e-06
C3orf35,5.838917049237907e-06
RP11-260M2.1,5.832990112862128e-06
TRIM54,5.827500441200129e-06
ANTXR1,5.822675910821537e-06
RP5-1115A15.1,5.821825245853308e-06
RP11-801F7.1,5.815249061093787e-06
SEMA3F-AS1,5.81405471451373e-06
VEPH1,5.808672329838338e-06
MSX1,5.8083634116883766e-06
STIL,5.788423935889985e-06
RP4-575N6.4,5.781529656959006e-06
LINC00852,5.781209700602493e-06
CIART,5.7641828205258395e-06
BEND5,5.762878666388434e-06
EVC,5.752403505997747e-06
CLSTN2,5.74710813895624e-06
PARD3B,5.743291678497707e-06
MYO7B,5.726702929665574e-06
RP13-131K19.6,5.726660138986783e-06
RP5-888M10.2,5.713352796885539e-06
ADRA2B,5.710215985951428e-06
CHRM3,5.704941570512435e-06
TMEM17,5.7020026854006806e-06
RP11-426L16.3,5.694855703644844e-06
RXRG,5.670916859987217e-06
C1orf204,5.665637454203207e-06
FBXO36,5.63116970734171e-06
APLF,5.576690500016711e-06
RP11-572M11.4,5.570219470370333e-06
IL17RD,5.564498067500757e-06
RBMS3-AS3,5.550164182969102e-06
AC007383.4,5.54352480847083e-06
RP11-245J9.6,5.537751015411282e-06
MROH2A,5.511394528234128e-06
RP11-230B22.1,5.510774028875834e-06
RP11-84A19.2,5.5102461362314135e-06
C1orf186,5.4999458117722695e-06
RP11-480A16.1,5.475303085571486e-06
RP1-92O14.3,5.471750137716915e-06
ACVR1C,5.464101536522723e-06
NPPA-AS1,5.447952346776177e-06
AC079354.3,5.439217358393033e-06
AC016768.1,5.431582355886047e-06
LINC00887,5.416350049084569e-06
ATXN7L2,5.408294104386803e-06
RP11-315I20.1,5.3936503673840996e-06
LGR6,5.389842701032793e-06
IGKV3D-20,5.388655665380605e-06
SYDE2,5.386021532292905e-06
LPP-AS2,5.385630802222062e-06
RP11-359I18.5,5.364413236975511e-06
HIST2H3D,5.363462108188333e-06
SUSD4,5.35771994023016e-06
TDRD10,5.3543742068617186e-06
UCN,5.351039619403603e-06
RNF212,5.3406667434231714e-06
USP46-AS1,5.337551261567088e-06
GSTM5,5.331400676531915e-06
CACNA1D,5.331129369362356e-06
RGS13,5.29504551428488e-06
MFI2,5.294570747351544e-06
RP11-548H3.1,5.294085525244873e-06
PFKFB4,5.27666398459543e-06
LNP1,5.264745645454706e-06
RP11-338C15.3,5.248856817713438e-06
VANGL2,5.236562355943028e-06
RP11-101E13.5,5.227206133630446e-06
RP11-10C24.3,5.2143387536732765e-06
RP11-191G24.1,5.2111440555288105e-06
LYSMD1,5.18911387229349e-06
SLFNL1-AS1,5.1838615025481285e-06
CFAP74,5.181787397074576e-06
CGREF1,5.144609467952746e-06
PODN,5.134689757841135e-06
AC098823.3,5.1125881758525225e-06
ADAMTS9-AS1,5.089261045774385e-06
RP5-1086K13.1,5.084229385358639e-06
TMCO2,5.080306504092919e-06
IGKV3-15,5.059207531327159e-06
RP11-400N9.1,5.048108763134544e-06
RP11-367H1.1,5.009794958418219e-06
TMEM163,4.995356496847343e-06
RP11-254F7.4,4.9929896045284896e-06
ESRRG,4.986549539443394e-06
RP11-326G21.1,4.981303249618609e-06
VIT,4.952337832599871e-06
RP11-446E24.4,4.937503164178865e-06
RP11-443B7.3,4.936681621321618e-06
BEND4,4.924292304686405e-06
RP5-943J3.2,4.921931506354148e-06
ILDR1,4.921304546230997e-06
LINC00880,4.88091875314719e-06
TBX15,4.864918232117041e-06
RP11-3B7.1,4.828641745843488e-06
ST3GAL6-AS1,4.803238621313788e-06
SH2D6,4.784221730864314e-06
PACERR,4.781248016650026e-06
PLEKHH2,4.778874942018953e-06
ABLIM2,4.778764696356296e-06
CADM2,4.7769039247308575e-06
A4GNT,4.767943968235152e-06
COL24A1,4.756742241278406e-06
SGOL1,4.753748539123446e-06
EFCC1,4.745332121397788e-06
AC073321.4,4.740986989604516e-06
RP11-171I2.5,4.739016474835338e-06
CCDC24,4.731235750445622e-06
RP11-195B17.1,4.72293524177979e-06
MMEL1,4.717062341451405e-06
LINC01354,4.7151907494386025e-06
RP11-686O6.2,4.707188295957901e-06
TERC,4.704457921687303e-06
AC068282.3,4.677239458962944e-06
RP11-105N14.1,4.670305091914895e-06
RP11-88H9.2,4.637888885429908e-06
CLEC4F,4.636212648971116e-06
CELSR2,4.6292162284763845e-06
ABCB6,4.62337701101225e-06
RP11-430C7.5,4.614047658745761e-06
AC006160.5,4.612664751447632e-06
CPEB2-AS1,4.609139801338009e-06
RP11-559M23.1,4.605560288353746e-06
KLHDC7A,4.601318962864073e-06
PADI2,4.5959937413369164e-06
RP11-10C24.2,4.583552469929642e-06
RP3-467L1.4,4.574990576845373e-06
IL24,4.555518823426782e-06
LRRN1,4.543993434086211e-06
RP11-348P10.2,4.543477791770588e-06
RP11-246A10.1,4.539248962700608e-06
CCDC163P,4.538943115496121e-06
RP11-567C20.2,4.537163384649645e-06
RP11-536C5.7,4.531611671844526e-06
KCNC4-AS1,4.529478110657914e-06
M1AP,4.528184883582984e-06
RP11-171I2.4,4.525350772829784e-06
MCF2L2,4.522832644825111e-06
RP11-689P11.2,4.518031568821626e-06
RP11-92G12.3,4.5171267222345685e-06
UGT2A1,4.498563636614522e-06
RP11-415F23.3,4.484450347790237e-06
ARL9,4.460718653178275e-06
CCDC181,4.451871443909257e-06
RP11-382D12.2,4.4353305741577665e-06
FPGT-TNNI3K,4.421600567010363e-06
RP11-477N3.1,4.4167742894280684e-06
PROM2,4.415483525146771e-06
ZDHHC23,4.4126287408386104e-06
KIAA1257,4.412222806413367e-06
SIX3,4.4035834198456605e-06
ARHGEF38,4.395442970466632e-06
RP11-467P9.1,4.392902379026638e-06
AC017002.2,4.3870696589294075e-06
SLAMF9,4.3767002119264185e-06
RP11-107M16.2,4.370528644743257e-06
RP11-574F21.2,4.3690741843222755e-06
P2RY14,4.36526002667831e-06
C1orf145,4.345435117535906e-06
SEC24B-AS1,4.332140072119927e-06
RP11-277A4.4,4.327467147009411e-06
RP11-196G18.24,4.317559663215374e-06
RAB3B,4.3065100973376255e-06
KCNK3,4.3032577000756776e-06
ACKR4,4.300064746379219e-06
FAM19A1,4.2784580631459275e-06
RP1-43E13.2,4.265834464673668e-06
RP11-154H23.3,4.265206669149034e-06
UGT2B11,4.256268882645307e-06
BFSP2-AS1,4.215118918423621e-06
RP5-1065P14.2,4.2064344283608005e-06
RP1-317E23.3,4.2041991799360536e-06
TTC24,4.187892081682259e-06
ZMYM6NB,4.183517112262878e-06
RP11-475O6.1,4.170727799972725e-06
TTC34,4.169461461186565e-06
RP11-342M1.3,4.164139222616749e-06
PPM1J,4.1637971435365845e-06
RELL1,4.1581865905161236e-06
OSBPL10-AS1,4.097967791815441e-06
RP11-259N19.1,4.076434348857558e-06
RHD,4.07486202345534e-06
MDS2,4.0666635769007666e-06
AC009404.2,4.064539190843992e-06
C3orf18,4.0473215582104765e-06
WNT2B,4.045633968094234e-06
LINC00884,4.039329271398539e-06
ROBO2,4.036271256781026e-06
CTD-2090I13.1,4.026667763151225e-06
C1GALT1C1L,4.023337160573322e-06
KRBOX1,4.000918498592119e-06
CHD5,3.991861820743984e-06
RP11-307C12.12,3.988314490786503e-06
RP11-553K8.2,3.985711628988515e-06
EGOT,3.98511173611188e-06
FSIP2,3.973984807921603e-06
CTSE,3.972824965316337e-06
RP5-1033H22.2,3.962518174038031e-06
AC008269.2,3.925467946037586e-06
BCL2L15,3.9211290937422965e-06
RP11-188P20.3,3.9174709279490355e-06
LINC00885,3.913891187197423e-06
RP1-120G22.11,3.906955153810679e-06
AJAP1,3.906429749556184e-06
RP11-18H7.1,3.887886632661342e-06
AC012360.4,3.886751684916086e-06
RPL34-AS1,3.868118394806005e-06
WNT5A,3.864130625211533e-06
DNASE2B,3.860349882587682e-06
LINC00504,3.826965460568652e-06
LDLRAD2,3.820703729839458e-06
AC007620.3,3.8124917113250947e-06
RP11-710C12.1,3.80553865034563e-06
RP13-131K19.1,3.7981736067729642e-06
RP11-1399P15.1,3.7942934990632882e-06
RP11-552D8.1,3.7888607781512763e-06
FHAD1,3.7831405592079742e-06
AC092620.3,3.7725544398948603e-06
ZFP69,3.7665979759146385e-06
CD101,3.7489870897182637e-06
UGDH-AS1,3.745511642474765e-06
CRB1,3.725701963456636e-06
RP11-431K24.3,3.714041150983907e-06
SAMD13,3.712057372128538e-06
HIST2H2AA3,3.700877162322849e-06
RP5-966M1.6,3.6958929370292084e-06
CFAP57,3.6846527509065078e-06
CD1B,3.6760530264240983e-06
LSAMP,3.6628745024738046e-06
FAM184B,3.6571617470794315e-06
UGT1A6,3.6433218864336393e-06
MYLK-AS1,3.6377653510065327e-06
KCNE4,3.6199429009123545e-06
KIF5C,3.619162070632188e-06
RP11-44F21.5,3.6047184957613643e-06
CACNA2D2,3.5947950549188405e-06
IGKV2-29,3.591572657885234e-06
RP11-295K2.3,3.5896326516197116e-06
FAM78B,3.5522971329645944e-06
AC007038.7,3.5491306360708867e-06
CCDC36,3.5196186068185503e-06
RP11-572O17.1,3.5139293954549845e-06
RP11-513G11.3,3.5111171844473865e-06
RP4-671G15.2,3.5038853932049768e-06
GCSAML-AS1,3.5004680757648743e-06
RP11-307B6.3,3.4937149370111554e-06
CFLAR-AS1,3.488678810145565e-06
LTF,3.4876586058547403e-06
ZBTB8B,3.485811833853742e-06
AC093388.3,3.4831516885288883e-06
LINC00582,3.4808337256561613e-06
UGT1A4,3.4665533881407336e-06
RP5-1074L1.4,3.4618282771228283e-06
TWIST2,3.4594905463345317e-06
ABHD1,3.4486370204257746e-06
TNN,3.4415422291887424e-06
MYO3B,3.438624134825309e-06
RP3-510D11.2,3.436761855214079e-06
EGR4,3.432762391203046e-06
LINC00570,3.4308344440566613e-06
RP11-478J18.2,3.4215033389915527e-06
PLA2G2C,3.413675280031672e-06
UBXN10,3.3986309809715147e-06
AC093901.1,3.3859593208816013e-06
GPR35,3.3838171472558266e-06
THSD7B,3.3786802946622466e-06
RP11-484K9.4,3.372831354704301e-06
RP11-666A20.4,3.3721471793062782e-06
RP11-385F5.4,3.3678465971689192e-06
IQCA1,3.366224926560011e-06
RP11-292E2.1,3.362623929819055e-06
AC104654.2,3.3509966797241226e-06
IDH1-AS1,3.3422661093574826e-06
RP1-224A6.3,3.3292680944450948e-06
SLC6A9,3.3113762136110265e-06
RP11-428K3.1,3.3098826112548896e-06
RP11-557N21.1,3.3096066814634135e-06
IGKV1-16,3.308435438242748e-06
ZSCAN20,3.3059041627451087e-06
RP11-266J6.2,3.2991301154664614e-06
NHLH1,3.294016131643149e-06
HRASLS,3.289350386614595e-06
RP11-318C24.2,3.287587700261836e-06
CCDC173,3.278179620371246e-06
AC013463.2,3.2623400908753226e-06
EFHB,3.259336383375694e-06
ZDHHC19,3.2571943574317557e-06
RP11-181G12.2,3.2273225696493202e-06
COL16A1,3.2070555991315685e-06
ANKUB1,3.1890106413268156e-06
TAPT1-AS1,3.175281788286727e-06
SERTAD4,3.1747025257196714e-06
MIXL1,3.167952327253094e-06
LINC01106,3.129627524032883e-06
BMP8B,3.0970309212429024e-06
RP11-646I6.5,3.0857234461058402e-06
EFNA3,3.0847668158773983e-06
DLEC1,3.066832734032043e-06
LINC00309,3.050317503723094e-06
KLHL6-AS1,3.014111776639978e-06
AC105760.2,3.0129814896510256e-06
RP11-277B15.3,3.0068010776054686e-06
ARL6,3.0002437062040816e-06
RP11-803B1.8,2.992287652629496e-06
WNT10A,2.971630520909812e-06
CHRNA1,2.961369988472966e-06
ARMC9,2.958571009216786e-06
CCR4,2.9463331930077797e-06
ADAMTS3,2.9382109106871462e-06
FRAS1,2.9292542977865965e-06
RP11-533E19.7,2.92076051355334e-06
RP11-200A1.1,2.920724956909182e-06
BSN-AS2,2.9094078974846174e-06
AC005037.3,2.9068410861200246e-06
KCNJ3,2.903236148334889e-06
LONRF2,2.891914256097979e-06
CXCR1,2.886166866559458e-06
LINC01209,2.883165341781307e-06
RP5-827C21.6,2.8786803086306226e-06
RP1-159A19.4,2.8772523016841765e-06
RP4-635E18.6,2.8750839802114628e-06
RUFY4,2.87148261069616e-06
TMEM110-MUSTN1,2.865561783827023e-06
APOD,2.851148874124102e-06
CDKL2,2.847651265613455e-06
IGKV1-8,2.8451243082938893e-06
SPATA21,2.8403484167676312e-06
AC016995.3,2.8400610682787555e-06
CCDC13,2.8355079881645065e-06
AC106053.1,2.83541058368488e-06
HIST2H4A,2.834033051966276e-06
ILDR2,2.818779965055492e-06
DZIP1L,2.8104658972524195e-06
BBS5,2.8099295566084297e-06
LRRN2,2.8071173472941683e-06
AP4B1-AS1,2.803985179205565e-06
RAB6C,2.8026862441126875e-06
LMOD1,2.8015365688356093e-06
RP5-836J3.1,2.7891712843253876e-06
ZNF589,2.7880723776407077e-06
AC024560.2,2.785251950200586e-06
RP5-1102E8.3,2.7739125766423975e-06
RP11-494H4.3,2.77293809360355e-06
ZIC1,2.7666092002825433e-06
IGKV1D-17,2.7647217419488577e-06
RP11-504P24.9,2.7540099092067545e-06
AC073283.7,2.7533926819164602e-06
CCDC148,2.744094693745016e-06
RP11-379K17.4,2.7330566359043373e-06
GTF3C2-AS1,2.7199666561970474e-06
NHEJ1,2.7138451733661423e-06
NPNT,2.7135302645254108e-06
RP11-362K14.6,2.7060062451751902e-06
GPR55,2.7046581198002445e-06
AC073257.2,2.6863138875914476e-06
RP11-65L3.4,2.6823468001790827e-06
BRDT,2.6764260249361826e-06
C1orf234,2.6710124811762157e-06
RP11-778D9.12,2.665636089622489e-06
CD1E,2.6640293107681768e-06
MCOLN3,2.661733220809095e-06
RP4-680D5.8,2.659979251183344e-06
AC007743.1,2.6592592284737925e-06
SPATA18,2.6572380942385233e-06
KIT,2.656251233177923e-06
ADGRL3,2.6549747977132635e-06
STBD1,2.6462752365711432e-06
TGM4,2.641136411193574e-06
PTPN13,2.640322108096258e-06
RP11-574F21.3,2.63801833304281e-06
UGT1A9,2.6282629768951307e-06
PMF1-BGLAP,2.609214391788328e-06
KIAA1324,2.6032480846695476e-06
RP11-337C18.8,2.591288168324008e-06
DPYSL5,2.572872708684946e-06
CTD-2013N24.2,2.5708156829144525e-06
RP11-109P14.10,2.563634537080114e-06
LYG2,2.5630710712585884e-06
NEURL3,2.530034462866124e-06
SNRK-AS1,2.512904519736011e-06
PTPRN,2.5099398755578646e-06
RP4-561L24.3,2.507152298521067e-06
PFN4,2.5055774823345772e-06
RP11-392O17.2,2.4985744600053602e-06
CCDC190,2.486673290113684e-06
GBP6,2.4838703303318656e-06
RP11-605B16.1,2.4811219981564557e-06
ROPN1B,2.4804153107616434e-06
RASAL2-AS1,2.479976404569725e-06
EPS8L3,2.4720776042432705e-06
ID2-AS1,2.459356403287834e-06
AC074391.1,2.4428667811878673e-06
LEKR1,2.436400387188564e-06
AL450992.2,2.432471716156931e-06
AUNIP,2.4208553254221354e-06
C2orf73,2.4179683772669673e-06
GALNT14,2.417697168387972e-06
IGKV2-30,2.409742229205051e-06
VIPR1-AS1,2.4080833513356314e-06
RP11-1057B6.1,2.4070773107808855e-06
MYH15,2.4028771916010405e-06
RP11-439E19.9,2.395737801752997e-06
TMEM40,2.381836702267739e-06
RP11-408H1.3,2.3711372482516883e-06
RP11-54O7.3,2.367795999304261e-06
AC107081.5,2.3524772723316173e-06
RP11-480I12.10,2.3353801182855676e-06
AC016907.3,2.33487163970887e-06
LINC01212,2.33175613868873e-06
RP11-629B11.5,2.3302212006443625e-06
RP11-723O4.9,2.3212331388604106e-06
CD80,2.3191097647558374e-06
RP4-758J18.10,2.315745729023502e-06
RP11-443B20.1,2.3151016591692802e-06
RP11-434P11.2,2.311257715396593e-06
LHFPL4,2.303200902688505e-06
TCTEX1D4,2.2891789978799118e-06
LYG1,2.2764523345815176e-06
SLC6A20,2.263271521918628e-06
CHIT1,2.2615048184863953e-06
KIF15,2.259570110687461e-06
RP4-655J12.4,2.2577510657988085e-06
KANK4,2.2567446503801085e-06
IGKV6-21,2.256190183514948e-06
RP11-305O4.3,2.253585596466088e-06
RPRM,2.2529070863689978e-06
AC104653.1,2.252784071898204e-06
RP11-341N2.1,2.245267928521172e-06
LGI2,2.237064127503531e-06
CCNT2-AS1,2.235660661548586e-06
CXCL9,2.234430364548036e-06
TMEM240,2.226414238378488e-06
RP11-131L23.1,2.2245532938841064e-06
INHA,2.223216022309389e-06
GAREM2,2.222438929178478e-06
AC114730.3,2.2216483014146584e-06
HOXD8,2.2172068925026553e-06
ITPR1-AS1,2.214287800704665e-06
FAM72D,2.2122717498541216e-06
RP11-434B12.1,2.206324166551781e-06
ABCA4,2.2002930719267564e-06
RP11-548L20.1,2.194827808849955e-06
RP11-316O14.1,2.1903179081236263e-06
COL25A1,2.189472060789025e-06
MED12L,2.167160163180301e-06
RP11-306I1.2,2.1548774317413714e-06
TSACC,2.1484682887329376e-06
BOK-AS1,2.147760570196053e-06
DNAH6,2.138110277069613e-06
ORC1,2.1353549044653343e-06
RP11-245J9.5,2.1304264941460024e-06
C3orf36,2.115814127962527e-06
LINC00211,2.1139649088515546e-06
SORCS2,2.1123091642298185e-06
LINC01389,2.091992702722367e-06
AC009495.2,2.0914543270072593e-06
KIAA1211L,2.0771925013976777e-06
FMO2,2.074512868699354e-06
AC124944.3,2.0740585338027124e-06
RP11-430C7.4,2.073178203225515e-06
RAB42,2.064677678059042e-06
RP5-862P8.2,2.0519460235741905e-06
LRRC15,2.0427182249972174e-06
RP11-384C4.7,2.033179182629785e-06
RP11-102M11.2,2.0181628733468167e-06
RP4-621F18.2,1.993878272038371e-06
RP11-525G13.2,1.975599048026718e-06
SLC30A2,1.9734161571862605e-06
RP11-65L3.2,1.962120966113141e-06
SPATA45,1.961720318526571e-06
RP11-188D8.1,1.9599517666319573e-06
LINC01358,1.956644721916293e-06
AC114812.8,1.946116893972829e-06
RP11-665G4.1,1.9385013114878316e-06
DLG1-AS1,1.9298051137239124e-06
F3,1.9242199781819427e-06
CYP1B1-AS1,1.91046443298499e-06
AC007319.1,1.906214412235503e-06
RP4-758J18.13,1.9011710773919193e-06
GALNT5,1.9004481146087809e-06
C3orf67,1.8991877710311308e-06
CFAP65,1.8930387606048649e-06
RP11-333I13.1,1.8910047335939847e-06
RP11-474O21.5,1.8860958260843322e-06
TTC39A,1.8793310659321071e-06
RP11-557L19.1,1.8573980427812563e-06
SHOX2,1.8375449911912867e-06
BTC,1.8350094460285113e-06
ADCY5,1.8345729668091748e-06
LINC01094,1.8336110793423387e-06
RP11-54O7.1,1.8315535460538035e-06
SUSD5,1.8280928560390432e-06
RP4-794H19.1,1.8196929092687184e-06
STX18-AS1,1.81956016409389e-06
RP11-57H12.3,1.8134878754738387e-06
SYN2,1.8101747912475341e-06
RP11-204L24.2,1.8093184132108089e-06
CYTL1,1.8084140212227759e-06
RP11-173C1.1,1.8050949545105114e-06
LRRC3B,1.8031507895439477e-06
HMCN1,1.8025966948138923e-06
ST6GAL2,1.8024062635643283e-06
GPR39,1.801407595698378e-06
PRSS45,1.8011595041529708e-06
RP11-111H13.1,1.8010964943022014e-06
CORT,1.7896395386760948e-06
RP11-1299A16.3,1.7892359315948566e-06
FAM131C,1.7890527777788759e-06
RP11-302F12.10,1.7855576173795826e-06
ARPP21,1.7813618169346994e-06
RP11-417F21.1,1.7789111713916365e-06
MUC13,1.778318209600613e-06
DPP10-AS1,1.7776584478473183e-06
IL22RA1,1.7765925758167006e-06
RP5-892K4.1,1.7760776387319788e-06
FOXD2-AS1,1.7758139520831911e-06
RP11-379F4.9,1.7721324370276213e-06
GPR27,1.7693633486726274e-06
RP11-31F15.2,1.7689190275199973e-06
FOXO6,1.7665486802752016e-06
RP11-317L10.1,1.7658804268588904e-06
LRP2,1.7575059119367709e-06
RP11-353N4.6,1.750081977061319e-06
CTLA4,1.7481802915902175e-06
CLDN19,1.7413794615801757e-06
SPDYA,1.7398783882577676e-06
RP11-271C24.2,1.7231647788884158e-06
ERICH2,1.7205922322105498e-06
MSH4,1.7202897031305645e-06
C1orf210,1.7099040767157817e-06
RP11-225N10.1,1.7054156605393377e-06
RP11-297K8.2,1.704119265900278e-06
IL1RL2,1.6982332790091586e-06
ARHGEF33,1.6963954659860536e-06
RP5-968D22.1,1.6936043161161146e-06
RP11-799M12.2,1.6865495254291503e-06
ANKRD45,1.6865012185365853e-06
RP11-421L21.2,1.686086340047571e-06
EPHA3,1.6813587119151064e-06
UGT2B28,1.679899862283557e-06
CPA3,1.6797776515977837e-06
RP4-799D16.1,1.6788148853156536e-06
RP5-884G6.2,1.6739712436146327e-06
ZBTB20-AS4,1.672197693058526e-06
RP11-584P21.2,1.6660573157392407e-06
RP11-513G11.2,1.6613975502360282e-06
IGSF10,1.6593246144699382e-06
ALG1L2,1.6529697721622125e-06
GP9,1.6390621648168967e-06
UNC5C,1.6311824570325895e-06
AC007405.4,1.6310385938579491e-06
CLHC1,1.618222597974774e-06
CHL1,1.6011411283760764e-06
RP11-73K9.2,1.5892509133133102e-06
NGF,1.5892328236502046e-06
DOK7,1.5862313963938997e-06
LINC01144,1.5832109100079326e-06
RP11-98D18.9,1.5723312815931042e-06
AC093159.1,1.5630617693268298e-06
RP11-350G8.9,1.5324057322164362e-06
AGBL4,1.5308975285403837e-06
RP5-1073O3.2,1.5231392735611836e-06
RP11-16P6.1,1.5052200546679527e-06
SLIT2,1.5016667797890025e-06
RP11-548P2.2,1.497282065174901e-06
CA14,1.4804576290364135e-06
MAP6D1,1.4597861897085343e-06
AC016722.3,1.4564673873330645e-06
PTGER3,1.4382182547240018e-06
PF4V1,1.436043974776801e-06
COL8A2,1.431894217941474e-06
ATP6V1B1,1.4315354425839435e-06
FALEC,1.4309159312963455e-06
TFAP2E,1.42394608289522e-06
BSN,1.4101697711830586e-06
BGLAP,1.4098220707956958e-06
RP11-74C13.4,1.4082128075334458e-06
GAS5-AS1,1.4068571329216137e-06
RP11-365O16.6,1.3938692427456687e-06
RP1-18D14.7,1.3924445315529127e-06
ANKRD53,1.382077929465436e-06
ZNF436-AS1,1.3506756604104913e-06
PKN2-AS1,1.3505978938531434e-06
RP11-11N7.4,1.35034623802006e-06
RP11-111J6.2,1.315827084222386e-06
TM4SF19-AS1,1.3020131449953251e-06
ACOXL,1.2954371459619483e-06
RP11-342K6.4,1.2917462996712636e-06
CXCL5,1.2435065967836516e-06
CSPG5,1.1517490322984518e-06
RP11-316M1.3,1.1487676655118712e-06
KLHL29,1.1278991712387723e-06
PIK3CD-AS1,1.089854673405307e-06
MIR34AHG,1.04623426611612e-06
RP11-576D8.4,1.034816509833522e-06
CH17-353B19.1,1.0290262902863237e-06
ZBTB20-AS1,1.0261402058503663e-06
ARL14,1.0019997641306371e-06
TMEM200B,9.9563039504858e-07
ITGB6,9.953771848009407e-07
OTOS,9.89789277914635e-07
RP11-475E11.9,9.895767984822577e-07
RP1-79C4.4,9.88459398994051e-07
SIAH2-AS1,9.877447683562162e-07
CAMP,9.871705045107918e-07
ZPLD1,9.849832160591638e-07
COL7A1,9.849747663411544e-07
KISS1,9.840254049874482e-07
RP11-439E19.10,9.814915832056074e-07
LEFTY1,9.814321339041217e-07
AC109829.1,9.780280994743695e-07
CRABP2,9.780068095069048e-07
KCTD8,9.762900676146219e-07
RHBG,9.748031343748895e-07
AC022201.5,9.723581505609173e-07
CADM3-AS1,9.706428326821267e-07
BOLA3-AS1,9.68185868074515e-07
AC022007.5,9.65856252988537e-07
LINC01353,9.656222237442056e-07
RP11-365H22.2,9.650547742446732e-07
LEFTY2,9.600044948669962e-07
LINC01214,9.461368162469389e-07
ZNF648,9.450811903231926e-07
RP11-755B10.3,9.412784018906874e-07
MAPK10,9.400478004799754e-07
RP11-424N24.2,9.392197251684223e-07
ESYT3,9.387064991525395e-07
RP11-27K13.3,9.366931295280264e-07
RP11-6F2.5,9.319069394498699e-07
RBM5-AS1,9.315215529129665e-07
FNDC5,9.292735928044935e-07
RP13-392I16.1,9.055576725771482e-07
TEX41,8.90871255465748e-07
RAD51AP2,8.791600139660811e-07
SLC22A15,8.638933679420455e-07
RP11-395N3.2,8.604901743414338e-07
KIAA1614-AS1,7.852764445631397e-07
SPOCD1,7.46241990101313e-07
S100A3,7.208490691938567e-07
SLC7A14,7.202052253537079e-07
NCMAP,6.624578628449299e-07
RP11-353K11.1,6.554487247634822e-07
AF213884.2,6.469693396254438e-07
CIDEC,6.442910130726685e-07
RP11-96K19.2,4.3110915819012646e-07
RP4-535B20.4,3.858986739489631e-07
RP11-38C17.1,2.8766465919716564e-07
OVGP1,2.1657955249688076e-19
TNNC1,1.643140859307701e-19
CAPN8,1.3451996280267675e-19
ARHGAP31-AS1,5.540813025457513e-20
SPSB4,5.260976175927233e-20
ZCWPW2,3.414186238360157e-20
RP11-121C2.2,2.597589985115677e-20
RP5-857K21.4,2.1588435635470634e-20
RP11-651P23.5,1.681648132564708e-20
PLEKHM3,1.6568831423703162e-20
PDE5A,1.4888331413300124e-20
HHLA2,1.4202110115547708e-20
AC020594.5,1.3683524598881365e-20
RP11-96K19.5,1.3521085144975742e-20
FAM71A,1.3416424758823033e-20
IL12A,1.0652364183538814e-20
TMEM198,9.773981021699217e-21
IPO9-AS1,8.149490394897036e-21
LAMC2,7.953765257042316e-21
ANKRD34A,6.569252567493531e-21
S100A5,6.377430479922102e-21
NPHP3-ACAD11,5.992367893328097e-21
RP11-27G14.4,5.803359008900891e-21
HYI-AS1,5.478574636648353e-21
RP1-127D3.4,5.468413273184126e-21
L1TD1,4.8726608821218636e-21
ADCY10,4.339463476072187e-21
DFNB59,4.329342313068809e-21
NYAP2,3.361927347635783e-21
EDAR,3.3509071751589834e-21
GUCA2B,3.3336565394638743e-21
ATP13A4,3.263072112442083e-21
DKK2,3.258385602769387e-21
RP11-145G20.1,3.0735805310023487e-21
RAD54L,3.0099022471805557e-21
AC024704.2,2.6890201536759526e-21
RP11-518L10.5,2.4432967697667838e-21
RHBDL2,1.7104405748601707e-21
FRZB,1.7091936043074012e-21
RP11-571L19.8,1.6691248665835062e-21
VGLL3,1.5722166911503844e-21
RP11-465N4.4,1.5228819763856813e-21
RP4-613B23.1,1.337794224802235e-21
RP1-125I3.2,1.1102949051927537e-21
AC023115.2,1.101152775789194e-21
TP63,9.782944243286118e-22
RP11-418J17.1,9.763931852978143e-22
RP11-474G23.2,9.674113748196076e-22
PLCH1,6.636816373016264e-22
MOGAT1,6.612621711599508e-22
CYP27C1,0.0
AC013275.2,0.0
RP4-666F24.3,0.0
SGPP2,0.0
DQX1,0.0
RP5-1098D14.1,0.0
C1orf220,0.0
SCG2,0.0
ACTN2,0.0
RP11-109E12.1,0.0
RYR2,0.0
AC010976.2,0.0
ARHGEF4,0.0
ZNF804A,0.0
RP11-73M7.9,0.0
RP11-438L19.1,0.0
RASL11B,0.0
AC114730.5,0.0
LRRC66,0.0
TUBA3D,0.0
RP5-1125N11.2,0.0
AC009228.1,0.0
FAM228A,0.0
DEPDC1-AS1,0.0
SGIP1,0.0
DNAJC6,0.0
ADAM23,0.0
AC079354.5,0.0
FLG-AS1,0.0
RP11-385F5.5,0.0
LGALS8-AS1,0.0
HRNR,0.0
TISP43,0.0
MDH1B,0.0
NEGR1,0.0
ZRANB2-AS1,0.0
WDR64,0.0
RP11-190A12.8,0.0
RP11-180D21.3,0.0
PTTG2,0.0
AC009303.1,0.0
DPP10,0.0
LINC01191,0.0
VAV3-AS1,0.0
SLC4A3,0.0
CCDC74B,0.0
CPO,0.0
RP13-131K19.2,0.0
MAATS1,0.0
RP11-130L8.1,0.0
EDN2,0.0
RIMS3,0.0
FSIP2-AS1,0.0
HTRA3,0.0
RP11-586D19.1,0.0
MKRN2OS,0.0
RP11-22A3.1,0.0
RP11-22A3.2,0.0
KIAA1614,0.0
RP4-635E18.8,0.0
RP11-660M5.1,0.0
KCNIP4,0.0
RP11-310N16.1,0.0
ALG1L,0.0
ALDH1L1-AS1,0.0
ALDH1L1-AS2,0.0
RP11-131L23.2,0.0
RP11-290M5.4,0.0
CERKL,0.0
NEUROD1,0.0
RP11-317P15.4,0.0
RP11-171I2.2,0.0
LPAR3,0.0
SEMA5B,0.0
RP5-1092A3.5,0.0
RP11-46A10.5,0.0
RP11-538D16.2,0.0
LINC01344,0.0
RGSL1,0.0
RP11-366L5.1,0.0
CNTN4,0.0
PDPN,0.0
TMEM51-AS1,0.0
RP11-769N22.1,0.0
RP11-36B15.1,0.0
NMNAT2,0.0
GS1-279B7.2,0.0
RP13-131K19.7,0.0
OCLM,0.0
RP11-84A19.4,0.0
RP4-622L5.7,0.0
RP11-190C22.8,0.0
RP11-355F16.1,0.0
LRRTM4,0.0
ADGRB2,0.0
AMPD1,0.0
GS1-204I12.4,0.0
LSMEM2,0.0
ZFP69B,0.0
LINC01132,0.0
RP11-443B7.2,0.0
RP11-98D18.3,0.0
RP11-98D18.16,0.0
CELSR3,0.0
AC131097.4,0.0
RP11-190C22.9,0.0
TSNAX-DISC1,0.0
RP4-781K5.2,0.0
RP11-91A18.4,0.0
RP5-1024G6.5,0.0
GRM7,0.0
LMCD1-AS1,0.0
LINC00471,0.0
PRKAR2A-AS1,0.0
RP11-312B8.1,0.0
TAS1R1,0.0
LINC00337,0.0
CXCL11,0.0
RP11-297H3.3,0.0
RP1-117P20.3,0.0
RP1-206D15.6,0.0
PVRL4,0.0
RP11-528G1.2,0.0
SOWAHB,0.0
AC016745.3,0.0
LINC01356,0.0
SLC4A5,0.0
RP11-287D1.3,0.0
RP11-287D1.2,0.0
MORC1,0.0
RP11-433A10.3,0.0
GXYLT2,0.0
RP11-20B7.1,0.0
LINC00971,0.0
WNT5A-AS1,0.0
RP11-17E13.2,0.0
AC010746.3,0.0
ACTG2,0.0
MSTN,0.0
AC098617.1,0.0
DNAH7,0.0
RP11-334G22.1,0.0
ERICH3,0.0
RP11-268J15.5,0.0
CADPS,0.0
RP11-154H23.4,0.0
LINC00870,0.0
GPA33,0.0
MAEL,0.0
MROH7,0.0
KCNJ9,0.0
RP3-455J7.4,0.0
LINC01123,0.0
SH3RF3-AS1,0.0
AC009505.2,0.0
RP11-332H14.1,0.0
AC104655.3,0.0
RP11-465B22.8,0.0
RP4-669L17.10,0.0
RP11-54O7.17,0.0
RP11-286E11.2,0.0
FZD7,0.0
RP11-431K24.1,0.0
RP11-289H16.1,0.0
RFX8,0.0
LINC00578,0.0
RP11-644K8.1,0.0
AC098828.2,0.0
RP11-894J14.5,0.0
RP11-884K10.6,0.0
MPP4,0.0
MYCN,0.0
SPATA12,0.0
RP11-369J9.1,0.0
RP11-80H18.3,0.0
HORMAD1,0.0
LINC00299,0.0
PCP4L1,0.0
ALS2CR12,0.0
AC010969.1,0.0
SLC9C2,0.0
FMO1,0.0
C1orf127,0.0
APITD1-CORT,0.0
PAPPA2,0.0
RP11-704M14.1,0.0
RP11-468N14.13,0.0
RP11-738E22.3,0.0
CWH43,0.0
FMN2,0.0
GPR15,0.0
RP11-791G15.2,0.0
RP11-415J8.3,0.0
ZNF695,0.0
RP11-439E19.7,0.0
HTR1F,0.0
NRXN1,0.0
AC010967.2,0.0
GPR75,0.0
RP11-539G18.3,0.0
RP11-814H16.2,0.0
RP11-700J17.2,0.0
CORIN,0.0
RP11-278H7.3,0.0
PVRL3-AS1,0.0
C3orf52,0.0
RP11-572C15.5,0.0
GJB3,0.0
RP11-221J22.2,0.0
RP11-280H21.1,0.0
LINC00882,0.0
DUBR,0.0
RP11-634B7.4,0.0
RP11-54A4.2,0.0
AC092580.3,0.0
RP11-439M11.1,0.0
DOCK3,0.0
RP5-994D16.3,0.0
MUSTN1,0.0
SEMA3G,0.0
BMP8A,0.0
POU3F1,0.0
AC016683.5,0.0
AC012442.6,0.0
RP11-692D12.1,0.0
ENAM,0.0
PROL1,0.0
ODAM,0.0
RP11-160H22.3,0.0
RP11-160H22.5,0.0
AC009410.1,0.0
RP11-571I18.4,0.0
RP11-528I4.2,0.0
NMU,0.0
KIAA1211,0.0
ESPNL,0.0
RP11-90C4.1,0.0
KIF1A,0.0
RP5-1103B4.3,0.0
SAG,0.0
UGT1A3,0.0
FOXD4L1,0.0
GPR61,0.0
AC000032.2,0.0
RP11-67L3.4,0.0
FAM132B,0.0
RP11-1152H14.1,0.0
RP11-546J1.1,0.0
AC021188.4,0.0
KCNIP3,0.0
AC092835.2,0.0
MFAP2,0.0
RP5-1182A14.5,0.0
RP11-135A1.2,0.0
RP11-307C12.11,0.0
DCST2,0.0
RP5-1057J7.7,0.0
HTR1D,0.0
VASH2,0.0
TRIM46,0.0
RP11-362K14.7,0.0
CH17-437K3.1,0.0
WDR49,0.0
SLITRK3,0.0
RP11-3P17.5,0.0
GRHL3,0.0
CR2,0.0
C1orf116,0.0
RP11-343H5.6,0.0
RP11-534L20.5,0.0
LRRC31,0.0
RP11-778D9.13,0.0
RP11-669C19.1,0.0
VWA5B2,0.0
LEMD1,0.0
KLHDC8A,0.0
RP11-94I2.4,0.0
RP11-362K14.5,0.0
GRIP2,0.0
RP11-434D12.1,0.0
WNT7A,0.0
HDAC11-AS1,0.0
TTC39A-AS1,0.0
AC083949.1,0.0
SLC8A1-AS1,0.0
CDKL4,0.0
GMNC,0.0
SP5,0.0
LINC01124,0.0
KLHL41,0.0
IGSF3,0.0
MAB21L3,0.0
RP11-520A21.1,0.0
UTS2B,0.0
IGKV2D-30,0.0
IGKV6D-41,0.0
IGKV3D-15,0.0
IGKV1D-12,0.0
CH17-132F21.5,0.0
AC116035.1,0.0
CAMK2N2,0.0
SCN11A,0.0
EPHB3,0.0
CLDN16,0.0
CCK,0.0
RP11-70C1.3,0.0
ST3GAL5-AS1,0.0
RP11-10C24.1,0.0
RP11-640L9.1,0.0
ACVR2B-AS1,0.0
EIF2B5-AS1,0.0
RP1-224A6.9,0.0
AC007381.3,0.0
RP11-345P4.7,0.0
RP11-602N24.3,0.0
TAS1R3,0.0
TTLL10,0.0
RP11-84C13.2,0.0
RP11-359K18.3,0.0
RP11-556I14.1,0.0
CALML6,0.0
LINC01134,0.0
RP5-1092A11.5,0.0
RGPD8,0.0
RP13-1039J1.3,0.0
RP11-384K6.8,0.0
XXyac-YX155B6.7,0.0
ANK2,0.0
RP11-73K9.3,0.0
LINC01088,0.0
RP11-576I22.2,0.0
ADH7,0.0
RP11-323J4.1,0.0
FLNB-AS1,0.0
RGS4,0.0
RP11-576N17.5,0.0
SSBP3-AS1,0.0
RP11-710F7.3,0.0
AC007386.2,0.0
AC008074.3,0.0
RP1-140A9.1,0.0
STPG2,0.0
PRSS12,0.0
BEST4,0.0
RP11-222K16.1,0.0
LURAP1,0.0
CCDC17,0.0
HPDL,0.0
RP11-185E8.1,0.0
LAMB3,0.0
TMPPE,0.0
ZNF860,0.0
KCNMB2,0.0
KCCAT211,0.0
AC010136.2,0.0
DIRC3,0.0
RP11-458D21.1,0.0
CTC-336P14.1,0.0
WNT4,0.0
SOX2,0.0
RP11-531F16.4,0.0
LAMP3,0.0
RP5-965F6.2,0.0
IGKV1-6,0.0
AC009299.2,0.0
FAP,0.0
CAPN14,0.0
CSRNP3,0.0
PIFO,0.0
RP11-145M9.5,0.0
RP11-15L13.4,0.0
RP4-745E8.2,0.0
PLCD4,0.0
RP11-418H16.1,0.0
AC097495.2,0.0
SCN3A,0.0
RP11-284F21.8,0.0
WNT6,0.0
RP11-459I19.1,0.0
RP5-1024N4.4,0.0
DES,0.0
AC053503.4,0.0
TUBA4B,0.0
IHH,0.0
RP11-71G12.1,0.0
RP11-66D17.3,0.0
RP11-284F21.10,0.0
RP11-430G17.3,0.0
RP11-776H12.1,0.0
RP11-350G8.5,0.0
RP11-422P24.10,0.0
AC074366.3,0.0
RP11-517B11.4,0.0
RP11-93K22.13,0.0
TMEM108,0.0
RP11-396C23.2,0.0
RP11-396C23.4,0.0
FAM46B,0.0
RP5-968P14.2,0.0
RP11-375I20.6,0.0
KCNA2,0.0
RP11-288L9.1,0.0
CD164L2,0.0
RP11-803P9.1,0.0
RP13-616I3.1,0.0
MFI2-AS1,0.0
LINC00862,0.0
AL513523.2,0.0
PDE1A,0.0
RP4-781K5.6,0.0
VWA3B,0.0
FAM178B,0.0
FER1L5,0.0
RP11-725P16.2,0.0
C2orf27B,0.0
OXTR,0.0
RP11-15I20.1,0.0
LINC01118,0.0
CPNE9,0.0
RP11-1020A11.2,0.0
PRDM8,0.0
AC241377.2,0.0
AC079807.4,0.0
CYP4B1,0.0
C2orf70,0.0
EFCAB12,0.0
MYL3,0.0
RP4-790G17.7,0.0
EFR3B,0.0
AC012074.2,0.0
ADGRF3,0.0
ACTA1,0.0
AC072062.1,0.0
LINC00607,0.0
LRRC2-AS1,0.0
TDGF1,0.0
TMIE,0.0
GJC2,0.0
TRIM17,0.0
RP5-1061H20.4,0.0
OTOF,0.0
AC009480.3,0.0
LRRC39,0.0
LYPLAL1-AS1,0.0
RP11-219D15.3,0.0
NME9,0.0
AC012499.1,0.0
RP4-555D20.4,0.0
RP4-706G24.1,0.0
RP11-378J18.9,0.0
XCR1,0.0
CCR9,0.0
LIMD1-AS1,0.0
RP11-101C21.4,0.0
RP3-465N24.6,0.0
AGBL5-AS1,0.0
LHX9,0.0
TNK2-AS1,0.0
RP11-5P4.1,0.0
ROR1,0.0
CACHD1,0.0
RP3-340N1.2,0.0
AC090505.4,0.0
XXYLT1-AS2,0.0
PLSCR2,0.0
IQCJ-SCHIP1,0.0
AC009495.4,0.0
AC010127.3,0.0
RP11-451G4.2,0.0
LINC00881,0.0
RP11-379F4.4,0.0
P2RY12,0.0
TRIM63,0.0
C1orf140,0.0
RP3-467K16.4,0.0
RP3-467K16.2,0.0
RP13-1016M1.2,0.0
RP11-20I20.4,0.0
ADRA2C,0.0
MSANTD1,0.0
RP11-276H7.2,0.0
SLC25A34,0.0
RP4-680D5.9,0.0
ADORA1,0.0
RP11-394I13.1,0.0
AC078883.4,0.0
GAD1,0.0
SETSIP,0.0
EPHX4,0.0
LYPD6,0.0
AC144449.1,0.0
AC016682.1,0.0
LRP1B,0.0
LINC01412,0.0
AC097721.2,0.0
RP11-415F23.4,0.0
PPFIA4,0.0
KDM4A-AS1,0.0
EMX1,0.0
LINC01117,0.0
RP11-418J17.3,0.0
RP5-834N19.1,0.0
ASPRV1,0.0
SLC30A3,0.0
FLJ31356,0.0
RP11-713D19.1,0.0
VAX2,0.0
